label,review
1,﻿更博了，爆照了，帅的呀，就是越来越爱你！生快傻缺[爱你][爱你][爱你]
1,@张晓鹏jonathan 土耳其的事要认真对待[哈哈]，否则直接开除。@丁丁看世界 很是细心，酒店都全部OK啦。
1,姑娘都羡慕你呢…还有招财猫高兴……//@爱在蔓延-JC:[哈哈]小学徒一枚，等着明天见您呢//@李欣芸SharonLee:大佬范儿[书呆子]
1,美~~~~~[爱你]
1,梦想有多大，舞台就有多大![鼓掌]
1,[花心][鼓掌]//@小懒猫Melody2011: [春暖花开]
1,某问答社区上收到一大学生发给我的私信：“偶喜欢阿姨！偶是阿姨控！”我回他：“阿姨稀饭小盆友！偶是小盆友控！” [哈哈]
1,吃货们无不啧啧称奇，好不喜欢！PS:写错一个字！[哈哈]@森林小天使-波琪 @SEVEN厦门摄影师 @日月星辰-心在路上 @每种型号生两胎 @志远天下行 @监控防盗安装XM @创意美食simon哥 @漫游者-强子 @陈小kitty猫@游子的歌@solo在厦门
1,"#Sweet Morning#From now on,love yourself,enjoy living then smile.从现在开始，爱自己，享受生活并且微笑。[呵呵] [嘻嘻] [哈哈] [挤眼] [太开心] 早安、甜心们"
1,【霍思燕剖腹产下“小江江” 老公落泪】今晨9时霍思燕产下一名男婴，宝宝重8斤3两，母子平安。杜江的脸上洋溢着做爸爸的欣喜：宝宝小名叫“小江江”，眼睛像他，鼻子和嘴巴则像霍思燕，看到宝贝就忍不住落泪！恭喜@杜江侦察记 @霍思燕 ，祝福“小江江”在爱里健康地成长[爱你]...http://t.cn/z8EwSPU
1,[鼓掌]//@慕春彦: 一流的经纪公司是超模的摇篮！[鼓掌] //@姚戈:东方宾利强大的名模军团！
1,真好//@宁波华侨豪生大酒店：[可爱] [害羞]
1,"第一次见到有花瓣的面膜，一片抵普通面膜好几片 [哈哈]！补水神器啊，一帖见效！ 睡前一片，15分钟超神奇膜法，第二天起来你会发现你脸又白又嫩还有光泽，持续几天皮肤好像剥了壳的鸡蛋一样白白嫩嫩的[太开心]！ 明星推荐，美妆老师私藏的神奇""膜""法！8片礼盒装抢购地址>>>（去评论中找链接哦）"
1,好感动[亲亲]大家都陆陆续续收到超极本尼泊尔的奖品了，没想到你还带着去看瓷房子~祝蜜月快乐哦
1,"[雪]大象感觉好冷喔。。。 //@刑警叔叔: @小豆冰棍J202,@朱大象。//@新浪短信微博:大象放冰箱分三步，绑定手机也分三步。大象放冰箱很冷，微博绑了手机更安全哦～[可爱]"
1,[哈哈] //@维他命羊:探子！[偷笑] //@每日维他命Beijing: [偷笑]@曙光ruirui //@不赖赖: 店里来了探子竟不知 //@薄荷Rebecca:@不赖赖 @冷山雪具 赖老板的货品华丽丽的出镜鸟[鼓掌]
1,更要感激部门同事@Miss猫小姐 @罗罗不落 和尚未开博的小徐同学及@番茄宝宝303 的辛苦付出，让我们携手前行、踏浪远航，创造属于我们的无限炫彩[爱你]
1,陪看，有三陪嫌疑，[哈哈]
1,还有 @星外星周小川 ，各位都是好声音啊，演唱会就星外星筹办了[哈哈] //@陈文彪BC: 回复@俞文辉:持续发生，你的演唱会什么时候开啊，你也是传说中的中国好声音啊，hoho 同意的举手 @天拓黄挺 @叶轩_汉草荟 @loson @cocon8 @张谦 //@俞文辉:有爱心，期待百首童谣！ //@陈文彪BC:女儿，你有音乐唱了
1,第一次见，真心分辨不出是谁是谁，更别提真假了[嘻嘻]
1,哦，是双子男吗？旅游版组的成分好复杂呢[抱抱] //@玫瑰禁?：欢迎双子男。//@秦洲同：赶紧加上V，要不然走丢了不好找。//@雨齐Daisy：不错呀~ 新同事要加V么…… @伊比利亚火腿
1,[哈哈] //@失恋专属:哈哈，笑死我了
1,#轻松一刻# 笑成狗了！主人太有才了！[哈哈]
1,踏踏实实喝奶吧[哈哈]
1,#约惠海航 圆梦飞翔#【惠享直减】购票购票购票，直减直减直减[打哈欠] 这不冲突，也很科学，来海航官网购票，管够，管实惠http://t.cn/zRpYB9r [嘻嘻] 每天500个名额，20元的直减，ok的赶快来[赞] 今天第二波15点开始~
1,角度问题[哈哈] ，童子鸡，马子不大的//@-小K妈-:好肥的一只鸡啊！怎么感觉有点“变异”了啊！[哈哈][疑问]
1,程哥哥最近一直对着小蹦同学各种拍呀拍[照相机]//@小予CAT: [心] 好久没给他们拍照了[哈哈] //@ajoin: @小予CAT
1,理解用户的挣扎//@caoz：http://t.cn/anYWDI ?嗦很多，答案参见如上链接。@solaryf @土豆泥炖土豆 @limingx @dms-baidu //@caoz：排第一的，是4399小游戏[哈哈] .....百度目标寻址搜索的比例在所有搜索比例多少，趋势如何？与谷歌，搜搜对比如何，为什么？
1,这个可以感受一下。//@黄佟佟: [嘻嘻]//@吴筱羽: 北京??州真便宜啊，??有需要打?的的???。@子宇童鞋 @范宇翔 //@赵妍Alicia-chiu:这。。。//@白愁飞: //@时代周报王刚: 转发微博。
1,LV的哦～～～哦～～～//@积分宝贝: //@金沙江_朱啸虎: [哈哈] //@量化投资_丁鹏: /精辟啊！！/@江苏徐胖子:富，就要富在别人看不到的地方！富在别人看不到的时候！！//@Fiorina_科锐总监_金融猎头:[偷笑] /@量化投资_丁鹏:买个LV包包挎在身上，别人能看得到，知道
1,支持兰老师[鼓掌][鼓掌][鼓掌]
1,来自雪山脚下今年的竹笋系列#人没动，物先行#[尴尬]朗园店开业准备中[爱你]@懒人业余餐厅郎园店
1,免费泡面已经为大家准备了，以后晚上饿了再也不用到处找吃的东西了[给力][嘻嘻][带着微博去旅行][兔子][熊猫]
1,回复@张赫z_ryan:?！[嘻嘻]感慨而已！u never know！ //@张赫z_ryan:都失恋呢被？[嘻嘻]
1,跟参与汽车摇号一个心理，我中不了，也增加了别人中的难度！[哈哈]@夕阳牛 @air甜馨 @E宝宝柠檬
1,纯净高雅的宝蓝，搭配华丽的金色作为点缀，能够提升整体的时尚度打造极致迷人气场，十分适合聚会以及派对穿着！连衣裙： Talbot Runhof 外套： rag & bone 鞋： Giuseppe Zanotti 手包： Jimmy Choo[爱你]【私享穿衣顾问微信：FashionTalent33 】
1,#中国梦想秀#@熊黛林Lynn 姐姐变身“礼物”帮助一抹金圆梦，送上了迪斯尼乐园的邀请函喔！！[鼓掌]美是无数梦想的起点，恭喜我们Age48的姐姐们获得美丽绽放奖，你们的美丽来自你们正能量的心态，恭喜姐姐们，小伙伴们别忘了听姐姐们的话，永远不要放弃自己的梦想！！[good]
1,@不可比方 你跑不掉啦~！这辈子和我栓在一起。[嘻嘻]
1,这不有吗[哈哈][哈哈][哈哈]
1,不会吧？[吃惊]俺刚刚从餐厅回来，没见到主任啊！[嘻嘻]雪倒是下得很欢喜的样子。[雪][雪][雪][雪人][雪人][雪人][手套][围脖][温暖帽子] //@侯宁:主饪你是在家呢还是喝多了困在@嗨辣老孙 那里了？[偷笑] //@刘主饪: 回复@海科-七星智库:踏雪夜归人。  //@海科-七星智库:饮雪亦醉人[嘻嘻]
1,哈，南非一孙... //@妹莉十足:回复@共乐壶天:南非第一孙子.........[哈哈][哈哈][哈哈][哈哈] //@共乐壶天:南非第一孙子@独臂老宋 @妹莉十足
1,[鼓掌]//@权金城崔洪峰:扩散@权金城彭涌 @权金城-崔成哲 //@思想聚焦:转发微博
1,#昆航动态#2010年11月6日，在昆明市创业投资引导基金推介暨颁奖晚宴上，昆明航空有限公司董事长王清民（图中左五）从昆明市委常委、副市长刘光溪手上接过#2010泛亚地区最具投资潜质十强企业#证书和奖杯。[鼓掌] 昆明航空成为500多家报名企业中唯一一家获奖的航空企业。[礼花] http://sinaurl.cn/h4QFmF
1,"右边的，说的太对了！ //@荔枝娘:""仿佛自己又变成了需要呵护的小女生""看到这话我觉得很诡异，现在很多愿意插手儿子家庭的婆婆都是这么过来的吧？？// @宝宝公主的奶牛生活 : [嘻嘻]"
1,羡慕嫉妒恨！[嘻嘻] //@大胖鱼鱼:来厦门旅游，在海边，漫步，戏浪，你也许会有如此幸运，旅游不花钱，还要给你钱，那条捡到的2万块的鱼，你值得来
1,[赞]认同，灵魂升起的地方！ //@骑游公社://@大鹏背包走天下: 回复@新浪湖北旅游:一起分享那灵魂升起的地方！ //@新浪湖北旅游:童鞋，你的这条微博内容灰常的八错，已经被选到新浪湖北旅游的网站咯！传送门: http://t.cn/aROSx3 [鼓掌]恭喜的同时也希望以后多@新浪湖北旅游 分享旅途哦
1,我在小米[嘻嘻]
1,最右。//@张坤: //@温柔大盗DONEWS:教主[威武] //@北京厨子: 最右！我也被忽悠啦，[哈哈]//@?丝文化传播: [哈哈]右边--》//@清华南都: 学校早就放假了，聪明人都不选这时候来做讲座。。。
1,#美国lake tahoe# 睡不着和小朋友们在房间烤棉花糖吃[?嘴][?嘴]我们假装在CAMPING[嘻嘻]
1,。。。等明天醒来他们是什么反应？[哈哈]//@冯文杰: ron哥口味重啊//@来去之间: 围观马甲 //@bian:这个这个，睡了 //@nico: 张馨予上错号啦。 //@魏君子: 男怕上错床？女怕嫁错郎？这是上错号了么？
1,求剩蛋礼物～[亲亲]
1,今天没事晚上有情况吗[哈哈] //@挡不住的美食个性:昨天晚上去的!哈哈 //@星级酒店培训郗老师:啥时又去吃了。
1,明天就见冬儿了~~[太开心]//@猫咪家的小魔女: 不管是出生之前，还是出生之后，你和妈妈都是一体的。。。
1,哈哈[哈哈][哈哈][哈哈]@高小胖930 @AlwaysObsessed @爱生活-爱橙子 @子心--妞儿  //@?事搜一搜:[赞]
1,东西到货，G先生肯定又会夸我贤良淑德！买了三家的，刚买就告诉他了，他说，我太懂他麻麻的心了～～[鼓掌][偷笑]
1,like!他是萨芬娜的粉丝吧~[嘻嘻] //@conanemily：爱他！
1,澳洲老有surprise[嘻嘻]//@李开复:你是饿了，还是怕了？
1,[哈哈][哈哈]//@刘铨淼: 转发微博
1,你也会幸福的，午安[嘻嘻]//@CUC艾欣:真幸福。早安～
1,顶风作案!明知有雨，但实在舍不得半个月前就定好的票!40大洋一张呢，3个人120大洋呢![嘻嘻]叫人高兴的是凭票换冰淇淋，赚大了![哈哈]
1,偶爱土豆[哈哈]
1,晨练都这么有范，是不能经常亮相[嘻嘻] //@黄村:步伐很稳嘛[哈哈][哈哈] @胡大治
1,[嘻嘻]亲，楠哥的店品质有保证，希望亲多支持哦~
1,有朋友说，来了@文怡美食生活馆 后，总觉得自家厨房变小了[哈哈]
1,在宫城人偶体验店画小娃娃，算是三八礼物吧[哈哈] 老爷爷50对岁了，从父辈开始就在和木头打交道，喜欢木头的味道
1,回复@夜里梵高:君亭的家门向每个游子敞开！欢迎回家！[鼓掌] //@夜里梵高:我想回家！哈哈哈[亲亲] //@杭州君亭湖滨酒店:君亭，你在杭州的另一个家！
1,[鼓掌]请各位好友帮我们公司的应有投个票，多谢~！第90号“阅米”
1,#ICing美食时尚专家团#加班时间，很适合吧？//@Sunray加V:有点像西柚汽水，略带酒香味。[鼓掌]
1,"您今天也带阿婆阿公去看猫宝宝了吧. 有爱心的乖宝宝! [赞] //@悦馨:是啊,野猫把猫宝宝生在我家阳台上啦！ // @光照大地 :[哈哈] 又来了一只小猫阿! 和米多颜色一样哦. 好玩!"
1,把你拍在刀尖上//@光头阿斌哥: 回复@美食CEO宁哥:@三摩地帮主 长江后浪推前浪，一浪给帮主拍沙滩上[哈哈][哈哈][哈哈] //@美食CEO宁哥:恩那是我们向往的目标[嘻嘻][嘻嘻][嘻嘻][嘻嘻]
1,这种事情，只有在最神奇的国度才会出现！//@晏耀斌:[哈哈]//@作家高海波://@转评作者: //@广州湾在线: 转发微博
1,咱们结伴去布达佩斯当土豪吧！[嘻嘻]先备个攻略>>http://t.cn/zRoKlPj
1,洗衣服啊！求捎带！[哈哈]//@六普团委: 转发微博
1,这样子啊~[哈哈]值得转发
1,多逛逛哦。相信会有更多的惊喜！[爱你][爱你]
1,谢谢[可爱]谢谢[可爱]《?小》??→ http://t.cn/zWUj57I //@壶理又壶图: 感动 励志 简单的情节简纯的画面伴着少年铿铿的话语喷发出人性良知的光亮和力量//@黄茜: [呵呵]//@大村敦志_Ash_Omurah: [赞][可爱]//@学会执着zhdh: 老师就是老师，觉悟都高，要是看您片的人觉悟都这样，世界就真和平了
1,罗琳变身罗伯特，期待作品也出现脱胎换骨的变化～[鼓掌]//@彭伦空间: 她起了个男人的笔名，是要跟男性推理小说家叫板吗？ //哎呦喂，罗姨又来了！
1,【加班诗】灯火阑珊已深，车水马龙渐稀，父慈子孝团聚时，怂人独守加班中――送给加班的自己[嘻嘻]
1,//@爱旅游爱赣州: 中央四套出品，[good]展示赣州客家人文历史，将拍十二集，九月左右播出，期待中。//@客家情e:《客家足迹行》走进客家摇篮―赣州！[鼓掌]@爱旅游爱赣州 @江西风景独好 @江西赣州旅游 @赣州天下游 @赣州小编 @赣州同城会
1,@盖梆 ：盖梆侠义热心肠，帝都赚钱可劲忙。钞票数来又数去，疏财打点到我帐。[哈哈][哈哈]
1,挺好玩儿的，过年更充实了。[太开心] //@母其弥雅:初一我?一起吃素吧~?得不要吃稀?，洗澡和睡午?喔~
1,[哈哈]//@闻博_Jasper: [哈哈][哈哈][哈哈]
1,我关注到了，虽然说“得到了全世界人民的坚决拥护”，却只有中国媒体在“争先恐后地转载”“铿锵有力、义愤填膺地朗读”，立刻想起那句唐僧唱出的Only you... 朝鲜军民的中国成语用得很熟练，要赞一个。 //@夏芒:[哈哈] #狂人日记# //@今日朝鲜:请注意你的言语。
1,要我年?十?一定?周生生??系列，太可?了！3020hkd ?我??95折呢。墨西哥版?限量呢。也真服了那些年?人，?上找??托我下手[哈哈][哈哈]
1,等哈尔滨开店了，你就有口福了[哈哈]
1,前天外景冻感冒，今天二十五片暖宝宝，贴满前胸后背，有了这些盔甲，今天的外景戏，就不怕冷啦！[哈哈][哈哈][哈哈]＜家和万事兴＞@简远信
1,回复 @契尔年科-:因为搭档@盛博 的一句话，让我得到了更多朋友的祝福，每句生日快乐都让我感动不已。谢谢让我快乐的工作，让我骄傲的朋友，让我幸福的家庭，谢谢你们让我拥有的一切 //@契尔年科-:生日快乐！熊大美女！ //@熊丽电台: 我很荣幸被@盛博 挤兑，这样能让我变得聪明。[太开心]
1,哈哈，这姑娘也成新鲜物了。说到具体是哪儿产的，还真寡闻了[思考] //@i蓝莓妈妈:[围观]哥伦比亚龙珠果？？？[吃惊][偷笑][哈哈] 敢情咱80年代吃过这么华丽丽的洋果，那时候多的是，且便宜。@嘟嘟小花牛  //@钱文忠:上海超市、街头可以买到，其味独特可口，超?里的名字不统一，大多起洋名，其意昭然
1,好的?????????祝你成功[鼓掌]
1,放假了！这一周必须用来消费快乐。可别上班时想的是放假，放假时想的是工作。什么时间就做什么事。放假了！都玩儿起来吧。得会陪领导欢乐谷走起[嘻嘻]
1,谢谢亲爱的，送你哦！//@李慧珍:哇咔咔～[花心][花心][花心]都是我喜欢滴～[鼓掌][鼓掌][鼓掌]恭喜妞啊～
1,大师算的真准！这么闷的天儿，鱼也不咬勾啊[哈哈][哈哈]
1,阿一股[哈哈]
1,我哭！我哭！我哭！//@elsa-zhuyun:哈哈，祝姐减肥成功，也不指望你能减到多瘦，能回到以前美美的样子就很不错啦！[哈哈]
1,回复@周墙:兄弟我长期无语中。[哈哈] //@周墙:无语了，哈哥 //@周墙:扯淡的社会。
1,"我热4-1干掉凯子！[怒] //@ALAN7汪涛:?干掉LBJ! //@朱开开:[哈哈]贴切~//@小包子他爸: yeah, bitches//@LOVE_凯尔特人: 魔术师一定不是故意的！//@鲍贰: 终于拿下了，说个好玩的，M.Jackson比赛开始前做节目本来要说：Miami benches.....不过他却说成了Miami bitchs....[偷笑]"
1,来过傣族寨子的朋友应该知道这道菜的菜名[嘻嘻]@小驴佳佳 @户外志雨儿 @张震摄影-专业汽车旅行 我在:http://t.cn/8F8WWUK
1,哇！稀饭诶[鼓掌]
1,"激动人心的时刻[心]#微动日照#传播大赛大奖ipad实图奉上!感谢@日照市旅游局官方微博 的好活动.东方太阳城给了我太多惊喜,美食霸占味蕾,美景俘获视觉[爱你]仙山兔耳鳗鱼香螺,故地重游也仍有遗憾.日照,美就一个字,我还会再来的@日照旅游王立新@日照旅游-日出先照当属日照@日照旅游咨询网@山海美景"
1,请问这款多少银子？[威武][围观][爱你]
1,[哈哈]太像了太像了~
1,回复@赵红欣CZ:[可爱]这评价太高了，我再接再厉。 //@赵红欣CZ:@友君微博 和@周思超 具备以上特征，特此[赞]！
1,@养熊猫的李桑 给你来一个?[嘻嘻]
1,@光头老薛 [哈哈][哈哈]
1,学生手册，怀旧一下[嘻嘻]。你用过这个版本不？
1,怎么个免费法[鼓掌] ，估计往返呼伦贝尔的费用自理吧？ @八戒如来神掌 @梁智勇 @海疯 @吹?DO
1,[哈哈]//@霏霏琦小只猪: [思考]有黑幕？！//@欣怡Leafly: @勇敢的马 @钟Sir--@霏霏琦小只猪 //@万度创智传媒:[哈哈][哈哈]
1,//@陈莎SHA:美～[亲亲][亲亲][亲亲]
1,//@星座爱情001: 女人，要经营自己！[鼓掌]
1,UP！虽然你很不和谐//@风言疯语LaiN胖子：为啥你不关注别人，却要别人关注你？学名人啊？[嘻嘻] //@ponponxu：转发微博。
1,连蛋糕都上演彗星撞地球，末日的气氛十足呀[嘻嘻]
1,#须叔荐书#春节前最后一赞《#下一站，影帝#》:@青罗扇子 《名流巨星》第三部，新生代偶像VS黑道经纪人、声色娱乐界VS恩怨幕后战，CP更萌、虐点更足[威武]叔已被侄女带成扇大粉[哈哈]感谢@青罗扇子官网 提供好书！闪瞎的烫金烫银书名[赞]正好听李祥祥首单《绝地》，歌词很像写顾羽呢http://t.cn/8FxpxKX
1,一直觉得四川话真好听，传神呀[哈哈]//@朱小黑: /先生，您对成都的限行有什么感想吗？” “可以说家乡话不？” “可以” “不晓得日嘛哪个瓜娃子哈麻批想出来嘞这个锤子政策，他懂个铲铲啊，日他仙人板板哦！~” “这个是什么意思呢？” “就是努力工作，为构建和谐社会贡献自己的力量/@成都-陈琳:
1,// @melissa_晓梅 :实践ing[爱你]@亦菲晴岚猜火车
1,我转了，捡不到明天找你要了[嘻嘻]
1,美女到北京，北京欢迎你 ~[嘻嘻][威武][围观]
1,标准由会员大会选举出?并经省民政厅社团管理局批准、省旅游主管部门认可的合法副会长。不过该会七年不换届，我也早该下台了。下台也是首届副会长。[哈哈] //@伟哥嘛:有?????？[嘻嘻][哈哈][兔子]
1,回复@柠檬猫薄荷:对[爱你]
1,我觉得。。。。这个人听力有点厉害。。。[哈哈][哈哈]
1,早安[亲亲]
1,别客气嘛~[太开心]小狗狗有家了，我就开心了~~[爱你]
1,你们辛苦//@三丁ting:谢谢Elo帮忙看摊！[嘻嘻]
1,真的有很多相同之处啊！结拜为兄弟吧！[哈哈]//@厚子林:亲们，视频发啦。回味下泉州的味道。客串主持人好美@南京-老李 @嘉美猫 @温和行者 @苏世独立啦 @繁星满天飞扬 @石泡泡大仙 @Domo-YoYo @大脚丫丫跳芭蕾 @香大菜 @郝浩
1,回复@老邵拖延症早睡早起:换衣服啊//@老邵拖延症早睡早起:回复@相声演员大春:说得是晚上散场的时候[哈哈]门口等了好久都不出来哇
1,美丽的天鹅向我们游来。[爱你]
1,宁时细个还一味按动画，因为家里没有上网，不会装游戏。天真可爱的三年级。//@我系鸡头: [哈哈]
1,晚饭开始啦！[抱抱] 这是什么菜？竞猜竞猜！！
1,重要节日！祝快乐！过节的童鞋请对号入座~[嘻嘻][鼓掌][爱心传递]
1,"真正的原生态!!!所以呢,人不要试图去改变自然,而需要去适应自然!!![哈哈]"
1,#舌尖上的河北#吃到了勒泰这边的石头饼，口味一般，味道有点淡。搞不懂为啥要叫石头饼呢？你知道哪家石头饼好吃吗？[抱抱]
1,玉立婷婷，美好心情！@孙烨  幸福人生！生日快乐！[玫瑰][玫瑰][玫瑰][爱你][爱你][爱你][蛋糕][蛋糕][蛋糕]
1,?[哈哈] //@梦想家陆子矜:说的对
1,回复@奔跑的大儿童:呵呵，那到时一定要报名啊！[嘻嘻] //@奔跑的大儿童:我想去。。。
1,#读老舍#终于快到周末了[泪]多么美好的两个字啊！不知道有没有在为年会节目等苦恼的观众？分享一篇《科学救命》，安慰一下。[嘻嘻]
1,随手拍 放大看 生活处处有惊喜 运营商就别捂着啦 Iphone 5 来了！[嘻嘻][围观]
1,高级白 //@英足总:哇~~~//@ARS陈佳: 我的智商是硬伤。//@大笨蛋小蝎子静下心来写论文:有机会我也要玩一玩!大家一起玩[亲亲]@每天默念我是胖子一千遍 @清墩小梅鱼 @贝特米 @隐隐傻傻要闯遍天涯 看懂了伐[偷笑]//@news恋久: 看了评论才看懂....
1,【#非常了得#美女不做猎头当红娘】[围观] 女嘉宾自我介绍说：“我以前是做猎头的，但发现找人越来越难，而且跳槽是一件很没有幸福感的事，所以就做起了红娘。”红娘还现场给选手做起了媒，无奈选手“@郭德纲 和@孟非 的结合体”的要求实在太高[嘻嘻] 只得罢了。http://t.cn/zQGGyOL
1,[嘻嘻]太好玩了！测试出来，我和@张智霖 的相似度是71%，大家觉得像吗？你像哪个明星呢？快来测测#明星相#吧： http://sinaurl.cn/h5At0G 妈呀！！！！我不评论了~~~大家懂的~~~
1,@草下凡人 [哈哈]
1,回复@hiroto93:没有啊！而且举办音乐会的时候有可能需要做工作[泪] //@hiroto93:话说回来叔叔的演出会有视频吗？？[可爱]
1,还在老挝么？佛教国家会让你感到一种难得的心灵安定，这种安定感是弥漫在空气中的，上次在吴哥，和一位僧侣用英文聊佛法，很长见识，当时就想不走了[嘻嘻]
1,#小西驾到#真心喜欢这张照片，看一次笑一次，太可爱了！[哈哈]
1,//@豆腐一鱼: 今晚！#明星fm# 守候#尚雯婕# [爱你] //@李小娜DN:[来]
1,看看我在干嘛？自己摸成大花脸了，睫毛都被烧了。 [哈哈]
1,创意无所不在 //@hktraveller: [哈哈]
1,回复@manic要淡定:欢迎欢迎啊！感谢来支持金小帅[太开心]#签到有礼#积分0.5 //@manic要淡定:啊啊啊  晚了好几天[泪]  从今天开始早晚安吧！[许愿]
1,[鼓掌] //@朱皓毅: 原来蔡总是首发[嘻嘻]
1,哈哈哈哈，这句话实在是太经典啦！！@茉茉宝贝儿 //@MegWu吴湘玲: 哈哈哈[嘻嘻]有道理的啦
1,亲，好吃就经常来尝尝西江的美味吧[亲亲]
1,@嘟jean 恭喜你家林峰，好靓仔呀[哈哈]
1,[哈哈][哈哈]@郭昱媛Wendy
1,好喜欢@向京 老师的#亲爱的小孩#在@CIGE 上也看到了[可爱]
1,回复@洪毅7027:我这角嫩的老身体，经不起折腾啦。[哈哈][哈哈][哈哈] //@洪毅7027:回覆@zivzhang:不行，必须去 //@洪毅7027:老?，周，咱??趟上海吧！@韩雪knight @赵洲JJ。先吃再玩儿 //@打了鸡血的白蝎子:听说你行[哈哈] //@超级DuDu: 同志们觉得我行吗？[哈哈][哈哈][哈哈]
1,听说 男人都喜欢 苗条 眼大 腰细 腿长……[哈哈]
1,//@上海广告媒体圈: 回复@别笑严肃点儿:[围观] //@别笑严肃点儿:@上海广告媒体圈 @广西广告媒体圈 壮哉！ //@每日高清电影:这里的视频太享受了！[太开心]喜欢你的视频，[鼓掌]每天必看[亲亲]
1,@大董意境菜研发徐勃 [鼓掌]
1,谢谢莫莫 //@莫莫6290://@小冷6699:[鼓掌]
1,我就怕你戴会小，刚刚好我就放心啦...美美的过年吧...蜜蜜小姐新年快乐思密达...[哈哈][哈哈][哈哈][爱你][亲亲][亲亲][亲亲]...
1,[偷笑]//@欧美二线品牌: [哈哈][哈哈]//@逍遥兽:人生哪容你卖萌？发懵有时，傻逼有时，全靠彼此大嘴巴抽醒！
1,早晨同事在屋里听歌，放了一首《千里之外》，有一句歌词是“一生有李白”[嘻嘻]。然后我就想，什么情况下能“一生有李白”呢？我分析，应该具备以下条件：⒈跟李白住得很近或是住一起；⒉比李白小或是跟李白同时出生；⒊比李白死得早或是同时去世。具备以上三个条件的人才能“一生有李白”[鼓掌]
1,[哈哈]//@太空闪光: 南方的同胞联合起来，提案：我要暖气！起床靠毅力，洗澡靠勇气的转！
1,能遇到什么大好事呢，好期待啊[太开心]//@写-写: 能不长高么，能瘦么。。。[失望]
1,//@韩凯云: 回复@巨蟹座-小?:[嘻嘻]嗯呢??也适合我们做后期的??你懂的??[偷笑] //@巨蟹座-小?:回复@韩凯云:嗯嗯……解压神马的最适合考试周了[爱你] //@韩凯云:回复@巨蟹座-小?:[笑哈哈]是啊? //@巨蟹座-小?:完美释放是你们的新节目么？ //@韩凯云:[偷笑]害羞啦？?
1,幸运曲奇真的带来好运了，活动抽奖居然被抽中啦[哈哈] @余久久 @ssam北京 @锦食送-JinShiSong
1,10月23日，北京市文物局2013年信息、微博工作人员培训暨2012年工作总结会在大觉寺举行。@老舍纪念馆微博 和@首都博物馆的文化表情 获评2012年度微博先进单位。[鼓掌]主页君也被评为先进个人啦～[嘻嘻]哈哈哈谢谢大家，谢谢CCT……咳，感谢大家关注～谢谢大家对我馆工作的支持！
1,真心舒服开怀[爱你][爱你]
1,我是一个有情怀的龙猫[哈哈] //@Hikerell的黑帽子:@龙猫
1,好 //@镭老:好看。//@北京鸭脖: 这比获诺贝尔文学奖的好看[鼓掌] //@张晓鹏jonathan:好看//@梁小猪的快乐生活: 今晚又看了个长篇，不让人睡觉了！
1,继续替班@环球旅行家 ，朋友们还在吗？[太开心]
1,没参加表示遗憾。我要这胸章，keep one for me[可爱]  //@瘦胡_sOULkITCHEN:这次活动很好，特别是下午的安排。
1,回复@Dimple在凤凰新媒体:那我们强烈要求请大家吃顿好的了[哈哈]@Ciky的角落 @琦怪奇 @RukMaiMeeWantay_K //@Dimple在凤凰新媒体:宁生苦短要及时行乐，钱乃生外之物生不带来死不带去，想花就花呗[偷笑] //@mendy静静:[赞]，钞票是侬多呀[偷笑]，嗲是嗲额[给力][鼓掌]
1,又到了小酌时间，小萌的芝华士18，梦梦的MARTINI，MARTINI加冰块连口感都变不少[可爱][哈哈][可爱]
1,用自己包的粽子祝大家端午节快乐！虽然卖相一般，味道可是很不错滴~有甜粽也有咸粽[嘻嘻]
1,[哈哈][哈哈][哈哈] //@韩军立:[哈哈]
1,高清，大家收图啦~ //@端木妙子: 大家都笑的好开心啊~[嘻嘻][鼓掌][太开心][心]//@X-Space: @CocoCheong @令照_fiveshine @端木妙子 @双鱼座的KIKI @BiMBA-Freddy @朗润Anson @北岸Northland @三个三个 @夏夏_BiMB
1,@merlinpku [嘻嘻][太阳]//@下午茶2599:远离消极的人！
1,转 //@yigewa: [鼓掌]//@求助社会关注中风偏瘫弱势人群: //@新言艳语: [鼓掌]
1,谢谢艳平带来的最新消息，“爱佑童心”项目再添一加定点医院――广东省人民医院！[鼓掌][赞]广东及周边的先天性心脏病患儿可以去广东省人民医院申请爱佑的资助！[兔子]
1,[偷笑] //@蔡卓妍:哈哈哈哈..[哈哈]
1,培哥 我在上班好哇[泪]//@陪陪无人陪: 哈哈哈。。。不说自己出去玩了多少时间[嘻嘻] //@球球V发胖:[挖鼻屎]光想旅游 不想工作 拖出去喂鸟
1,[阳光]梦想经常会变成挑战，而我们正是因为挑战而活。Hi，粉粉们，这一周，你的挑战是什么？[嘻嘻]
1,#睡前一笑# 回家过年如果有人问起，你怎么变胖了，你就说忘了。不要解释，越解释越悲伤。。。[哈哈]新年的脚步越来越近啦！不过大年三十晚《超级笑星大拜年》带来的欢笑年夜饭吃了可不会变胖哟~很晚啦~大家早些休息！明天还要上班哟~[嘻嘻]晚安！
1,回复@牛奶小姐vera:[可爱]谢谢 //@牛奶小姐vera:回复 @凌一凡:所以啊，何必纠结，看清真相就好，日子还要继续，开心点！[太开心] //@凌一凡:回复@春天的大西瓜:你说对啦。我很受伤！ //@春天的大西瓜:说到底还不是因为你自己在乎 往心里去了么 //@凌一凡:回复@彭钰涵XCAR:谢谢啦~
1,[爱你] 院子永远是你的家~
1,很有娱乐精神[嘻嘻]
1,回复@拍客老李:[偷乐]得捂上嘴…… //@拍客老李:[嘻嘻] //@俺叫老鬼:哈哈哈哈哈哈哈……牙又掉啦！[哈哈][可爱]
1,呵呵，情理之中意料之外[可爱] //@海阳:他就是右边的这个男人[飞机] //@胡淑芬:众人皆在嘲笑他时，一艘飞船翩然而至。
1,华丽丽闪瞎眼啊！[爱你]
1,[鼓掌]  //@金朝顺:帅哥美女如云~恭喜开课！@魏英俊 @solonso  //@洪璐葫芦:恭喜了！//@昆晏:转发微博
1,[发礼物] //@rainhot666:@rainhot666；【@rainhot666；[鼓掌][鼓掌][酷][good]精彩的人生！[鼓掌][给力][围观][威武]】
1,"蛮好看的，适合@北方的纳努克 //@大Da门: 好看实用//@糖果x猫猫:亲友们顺手顺角帮转一下噢[可爱] 谢谢//@糖果x猫猫:连接在这里噢^_^，规格是经过反复改良后修正的。会更适合配搭和男或女士佩戴。 //@soyabean毛豆:More about the details , please click : http://t.cn/zldIEaM"
1,回复@无趣的兔吉拉:8:00就开门了[哈哈][哈哈] //@无趣的兔吉拉:老板，不好意思打扰一下，咱们明天营业吗？几点开始啊？想带老爸老妈去吃煎饼～多谢啦～
1,妹子们还是找个读计算机或者信息安全的男朋友吧…//@HorseLuke:原来这话可以这样用啊我顿悟了[花心] //@职业欠钱:[衰]＂我真没用，居然让你问出这样的问题＂ //@HorseLuke:你直接温柔地抱着妹子说“有我在没事的亲爱的”就行了不用其它解释了[哈哈]
1,汤老师辛苦[哈哈]
1,众亲 春暖花开 你可以带TA满足下美胃了哈[吃货][吃货][太开心][鼓掌]青年餐厅超值团购来袭！已售万余份[噢耶][真V5]价值100元现金券―仅售78元！[江南style][太开心]//@青年餐厅: 这个真的可以有！！[吃货][江南style][带感][吃货]
1,【云爱情】5月22日，武汉纺织大学阳光校区圆形舞池广场上，化工学院大四学生马卫和服装学院大四学生黄小茹，在500多人的围观下宣布完婚。他们左手拿着毕业证右手拿着结婚证。校园恋情修成正果实属不易啊，小亭希望这个毕业季有更多的恋情开花结果！[鼓掌]
1,一起来顶他![太开心]沙发啊
1,世界上知名度最高的照片和它的摄影师 Chuck O’Rear――这张照片是不是觉得很熟悉呢？是不是越看越觉得亲切呢？ [哈哈]
1,在杭州感受新能源出租车，中途换电池[哈哈]低炭出行，杭州给力[赞]，就是续航能力稍微弱了点
1,留着当胎教 //@全球热门伤不起:超能锻炼思维的优秀电影，存了慢慢看。[嘻嘻]
1,嗯。//@经典丶私房菜:爱原本就是一种习惯~[爱你]  @教您做睿智女人
1,贾老师这是有闲有艺有情趣[花心]//@李败山:老贾勤快人~俺是耐不住这个烦滴[哈哈]
1,啊哈哈哈，?啦！[哈哈]
1,期待[哈哈] //@刚峰看世界:[哈哈]//@韶关旅游:#中华旅游名博丹霞行#明天下午将前往南华寺，小编也一起同往哦~[威武]
1,[哈哈]//@明明是小虎: 好滴狠，这期微博故事来啦。@烂泥南 @小丽贝尔 @杨晓青Travel @冰糖杨梅
1,感谢亲爱滴转发[爱你]
1,回复@动力VS火锅:[哈哈]回去给你捎俩儿！ //@动力VS火锅:面馅的[转发]
1,嘿嘿 @super天儿 统一战线！！！[挤眼][害羞] @杨惠yu 要不要加入呀 ??//@七块板儿: 行！你就介样儿阿！[右哼哼][左哼哼] //@快板-赵丹丹:哈哈 ~~师父你现在好幸福呀~~~[偷笑][太开心] //@七块板儿: 唉。。。徒弟阿快救救我吧！[委屈][可怜] //@快板-赵丹丹:师父咱这是肿么啦？？哈哈[哈哈]
1,呵呵，[赞][赞][赞] //@豆豆听胡爷说故事:我该申请小号啦[嘻嘻] //@蒋小婷消停:[汗]都快成广告专业户了。 //@豆豆听胡爷说故事:@_夏云裳_ @新浪河北玩乐购 @素颜出门不怕晒 @冒失鬼小璐 @?德子 @紫墨轩老崔 @Sugar?吃糖 @蒋小婷消停 宣传吧
1,[哈哈] //@卢勇教授:又创造了一个一夜暴富的神话！[红包拿来]
1,[嘻嘻]我一做喷绘的哥们儿就在玩儿这，，，
1,@跑步心情 @跑步指南 适合夜跑的人们！[嘻嘻]
1,#天天向上#五周年：哇！你应该是第一个收到@李欣频 的书籍的观众吧！[鼓掌]不知乐橙们的情书和签名照收到没有？[思考]在此，祝你如获珍宝，创意无限，好运常在！[爱你]加入我们的#天天读书会#来和小伙伴们进行#阅读交换#吧！一起好好学习，天天向上！[心]
1,[moc转发][鼓掌]
1,过了//@新梦回大唐: 唱支山歌给当听[哈哈]
1,#龙门镖局#天黑了，当家的喊你回家吃饭啦！[嘻嘻][嘻嘻] [偷笑] 大家周末快乐！[笑哈哈]
1,和大美妞@ginny砚 及她家Mr.Right一起看了《神探亨特张》，看完心里好难受啊，这个社会病太久了，@绿妖绿妖 看到你了，公车上倏忽而过、还有在老周的身后，bless你们俩[可爱]；@读库 的老六演得太好了，好男银啊，祝愿票房业绩使库房之痛风轻云淡……
1,一如即往体现了水瓶的无情啊[嘻嘻]//@麦兜吉吉:牛 //@当时我就泪奔了:你敢测么？[偷笑]
1,所谓的一鸣惊人么？[哈哈]
1,Team集体旷工，一起去郊游耶[爱你]向大觉寺出发喽[哈哈]
1,原来是这个原因！哈哈恭喜～！现在X子中心也联系好了，你可以安心了！[哈哈]FOUR~你懂的～！  //@汤小雯Lareina:祝小媳妇和小小马感情长长久久，婚姻历久弥新！
1,那年与老虎妈坐一起看球，现在又见到了＂新贵＂啦！[哈哈][哈哈]
1,回复@停转的牧马:I was! But dat coffee!!!! [哈哈]//@停转的牧马:you look so tired[困]
1,最炫民族风格[哈哈]@lp木子目分
1,周末来与家人一起度个时下流行的staycation吧[鼓掌]
1,#haollee烘焙课堂作品# 今天出炉的纯手工健康吐司~[抱抱] 淳朴的味道是不是更诱人？~[挤眼]
1,这个点儿还在纠结是看呢是看呢还是看重播呢---很浓重的伦敦音，奥运[偷笑][抓狂][嘻嘻][哈哈][爱你][酷][睡觉][睡觉][睡觉][睡觉][睡觉][睡觉]
1,春节后请杨老师指导工作[威武] //@沣之道杨铁锋: 回复@热点红姨:餐饮软件，赢的是创意。热点总是走在前面，给餐饮人上课。学习了！ //@热点红姨:谢谢杨老师[握手] //@沣之道杨铁锋:干得漂亮！赞一个！  //@热点联盟:欢迎围观，更多精彩陆续呈现[给力][围观][威武][爱你]@舌尖上的北京_杨光
1,去看大学同窗主演的话剧<<钢的琴＞＞，路上堵，路逞遥远，可爱的车车们，快给让条道吧。。也祝福晓冬今晚的北京首演成功。[鼓掌]@郭晓冬
1,//@北京出版人沙龙：//@香炉夜染衣：[哈哈] //@80后大男生：见一次转一次！//@都市时报：转发微博。
1,@主持人少枫 辛苦了！@心迪舞蹈会所 我和少枫，感谢朋友们的支持与帮助！我们的瑜伽老师@Lisa_双鱼妹 你很棒！@????小胖 @seven7淇 @Kathy静 张雯[爱你][爱你][爱你]
1,回复@米其林大厨-西安:马来人 我收他做徒弟不知道国家有相关政策没有 //@米其林大厨-西安:收徒哇，几时喝拜师酒!不如带来开封如何？[嘻嘻][嘻嘻][嘻嘻]
1,矮油~周日周日啦~咱们俩过个开心滴小周末~[爱你]
1,谢谢上得厅堂、下得厨房、卡得了ok、打得了高球的超级大美女睿睿！你的另一项大本领我就不在这公布啦[偷笑] //@JessicaR-:祝亲爱的大美女@王一涵 生日快乐！永远美丽，永远幸福。[爱你][爱你][蛋糕][干杯][礼物][亲亲]
1,嗨森嗨森[爱你] //@CC视频员工微博:再来一瓶都没中过的人表示被巧克力的甜美融化了~~~[发礼物]
1,#深玩美国#西雅图中央图书馆，库哈斯设计。这家伙也设计了咱们北京的那个大裤衩[哈哈]典型的“解构”建筑说白了就是设计突破了以往以“藏书”为中心的图书馆空间，而是为大家交流营造丰富的空间，10层有个观景处，往下看晕不晕就看你自己了[偷笑]@玩乐美国 @美国旅游玩乐汇
1,回复 @青青大白兔:直升机是通用航空的重要组成部分，但直升机的数量在通航飞机里的比例是不高的。 //@青青大白兔:回复 @通用航空李晨:我好像印像中是的 航展航演都很漂亮 问问[可爱] //@通用航空李晨:我也在！ //@周莹Maggie: HI.........byebye
1,。。。。。。我们互相爱。[哈哈][哈哈][哈哈]//@_AuM_:我没会不表示呢，昨天没来的急 今天特别请假来表示~！哈哈 爱你哦 亲爱的//@Yukii0_0i: 喇嘛，男人，有你们真幸福。哈哈//@邪精灵爱美食:@_AuM_ 你不表示一下？
1,[抱抱]宝宝真可爱~[亲一口]
1,杜小猫长大了耶！想要女朋友了[嘻嘻]
1,[嘻嘻]继续努力拍更好。
1,[鼓掌]@Susan苏小潘
1,//@盛放如莲1:[鼓掌]//@启韬资讯: 很美！
1,[哈哈][哈哈] //@小布:哎哟，我笑了
1,#ysl# YSL 鳄鱼轧纹. 迷你哦[鼓掌]。[阴险]3个。限量哦。9500[阴险]   微信abao289788
1,[给力][给力][礼物][礼物]//@云游四海keke0606: [哈哈][给力][好爱哦][好爱哦][哈哈]//@水墨婺源:[赞][哈哈][发红包][发红包]//@云游四海keke0606: 红包拿来[哈哈][发红包]//@篱上葱绿:王总，新春吉祥！//@水墨婺源:感谢新疆朋友的支持，祝博友们新春吉祥、快乐！//@中国新疆: 宜居之地！
1,影视圈的朋友猜猜这三位是谁？！哈哈……[哈哈][威武][围观]
1,??支持[嘻嘻] //@明月畅想:看到SWEET SPOT这么受欢迎 好开心[哈哈]
1,爽啊！[嘻嘻] @我想说真话- @魏大拿
1,[赞]]//@阿明叔叔://@复旦芮明杰:果然乎 //@苏大杨童://@时乐_shile_点心:转发!我发现我的笑点足够低!//@杨芮:变相的色情窝！//@广告主杂志程坤: //@方立松: 肯定要火 [哈哈]//@凌平:设计长江商学院LOGO的这家创意设计公司要火！
1,看着咋?聚会的照片，心里想着：我们亲耐的崔老师咋永远都那么年轻呢?这才是真正的不老妖姬呢。。[偷笑][爱你][亲亲]
1,磕着瓜子，吃着零食，吹着徐徐凉风，看看露天电影，夏天就要这样享受！[嘻嘻][微风]
1,[哈哈]说人话
1,三个小时的霍比特人，希望不要睡着#霍比特#[熊猫][哈哈]
1,曾经的领导们，就能证明这样的神迹，梦想常常能实现。[爱你] //@龙妈007:[怒]  //@于其多:疯了，搞不好了！我们一起哭丧吧[泪]  //@港台二哥: 酒店服务员当局长，25岁司机当副局长，[威武]
1,面粉进去，面条出来！//@三能器具:会擀面条略过[哈哈]，话说我仅仅会这个了吧[挖鼻屎] //@新桐33:[抓狂][抓狂][抓狂][抓狂][抓狂]
1,啊哈收齐了[鼓掌] //@圆圆olivia:哈谢谢支持，最喜欢哪个主题啊?
1,有娃之后吃饭都要提前问店里是否无烟，餐桌边是否能放下童车。去年今天知道有了可可，今天已经123天大了，而且不是外出就睡，而是全程欢乐的各种感兴趣，真幸福[爱你]
1,回复@miu了个mi的:哟，没看错吧，miu这么早就出现啦，快抓住???[嘻嘻] //@miu了个mi的:永远的90后
1,为了尊重非吸烟者的身体，我已戒烟到第四天了！吃饭时看到朋友@杭州丑丑 @天禄车队军锋 吸烟特纠结[可?]晚饭后特难受时泡壶好茶加锻炼腿部既然就舒畅了！大家谈谈戒烟的感受吧！[酷][?嘴][嘻嘻]
1,//@?璐: 再@我一遍 嘿嘿！计划去日本~工作定了就去！近期去看您[太开心]好！邀几个朋友一起去。
1,俺订的就是机+酒，还就是成功酒店的海上屋![哈哈] //@亚洲廉航网:推一下兰卡威，呵呵~
1,这话连起来就是北京头疼呗[哈哈]
1,哇塞，可爱哦！[爱你] //@丁娜丽:[宝贝姨妈好想你[抱抱] [爱你]
1,灰常开森～灰常感谢蘑菇先森[爱你]这几天找时间过去[嘻嘻]去光临你的梦//@MOGO咖啡:@jadeite--叶沐 @周小默Momo @午夜的阳光奇奇 恭喜以上得朋友幸运的获得咖啡杯转发活动的奖品！每人一个订制限量杯子！蘑菇会继续努力给大家带来惊喜！若要，购买此马克杯请私信！会员订制只需30
1,好姑娘系列，策划了两本，好姑娘篇，渣男篇，2014，最清新的重口味姑娘写就，“周一见”不了，三月后吧[哈哈]
1,毛娃：牙齿不想要了是伐[酷] //@Little_Jacqueline：特别是只吃肉肉的教主[嘻嘻]
1,[嘻嘻]早餐是新一天的开始，亲，用餐愉快哦！
1,一夜之间，小达粉丝就过万了[哈哈] 达粉们给力啊~谁是第10000个？自己出来认领吧
1,@不知道啊啊啊啊啊啊啊 [嘻嘻]可以试试~~
1,回复@Jack格拉夫影像-刘晓鹏:兄弟，出发了吧，辛苦，回来再聚！ //@Jack格拉夫影像-刘晓鹏:[good][哈哈] //@权金城彭涌:看了舍不得吃
1,签签君子餐厅，这里有麻辣的川菜也有火辣的串串香，还有有趣的上上签，每个签文都是一道谜语，谜底就是一道食物，猜中有饮料送哦，偶中了一杯含羞草[哈哈]这里的串串香辣而不燥，吃完后也是数签子算钱。老板就是天下盐的诗人二毛，饭后还赠送了偶们签名的新书，满满都是美食。@京城美食探店 @美食推
1,我喜欢，城市猎人 //@我郭柯啦:回复 @天堂鸟蕾 :哈哈，最近稍微有点小忙~~~ // @天堂鸟蕾 :[汗]你多久没微博了？ // @我郭柯啦 :回复 @OmaDu :哈哈哈，我确实喜欢~哈哈 // @OmaDu :哇！[抱抱] 照这么看来，郭小柯也得喜欢，哈 @我郭柯啦  // @天堂鸟蕾 : @OmaDu  偶知道你也喜欢[花心]
1,回复@营养师顾中一:期待@营养师顾中一 来说说食物相克木瓜丰胸啥的。[偷笑] //@营养师顾中一:[嘻嘻]
1,[太开心]举四爪赞成，最爱面包[握手]
1,回复@匪类也柔情8866:积极啊 //@匪类也柔情8866:大利侗寨位于榕江县城东面，距县城约23公里。我先度娘欣赏一下！ //@无须豆蔻:回复@匪类也柔情8866:黔东南榕江大利侗寨  //@匪类也柔情8866:这是在哪里？  //@无须豆蔻:值得去  //@DL小镜头大世界:好美的地方啊，我想去[嘻嘻][哈哈]
1,哈哈 美女欢迎再来玩啊[爱你]
1,我的最爱~[太开心] //@susu_婧:想拥有…@梦小君呀  //@利利韦:好可爱！@菲菲_加 @不纠结小妞 @Radio李丹 @大大脑壳 [花心][花心][花心]
1,生命的意义之一，就是学会对这个世界的谦逊。因为最伟大的艺术家，是自然。祝大家周末愉快！[可爱]
1,吃货们不能错过[哈哈]
1,[泪]一路顺风~~~别忘了我滴明信片哇~~~要大家签名合体版的~@行者橙子 @穆杉伯男 //@赵小牛618:出发了，兴奋的根本睡不着，大学毕业后已经许久没有体验过单独和朋友一起出来旅行，所以特意改走#致青春#路线，橙子也变成了睡在我上铺的兄弟[嘻嘻]
1,侬应该懂额[汗] //@???咪_Kiki:又出啥事拉？？？ //@ET华:这个确实[围观] //@mendy静静:我们想你也快疯了[偷笑] ，群里天天念着你，你不在的日子有人更狂了[汗] //@???咪_Kiki:嗯，想?子想?了。 //@ET华:你回来啦[哈哈]
1,李老湿突然突然很爱你！！！[泪][泪][泪][鼓掌][鼓掌][鼓掌][爱心传递]
1,请西方势力不要说三道四！//@法新社dennis:交给你金大大[哈哈]
1,[呵呵][嘻嘻][哈哈]//@公子歌:有。
1,回复@我占49:各种神兽的欢乐造型[求关注][得意地笑][笑哈哈][好爱哦][偷乐][别烦我][震惊]神道变神叨[笑哈哈] //@我占49:我这明显大号神兽[嘻嘻]
1,春暖花开，蜂鸟横行[哈哈]//@李涛iceman4: 蜂鸟[爱你] //@奥森空间:好美啊
1,“土豪土豪”，我们来做邻居吧[太开心]#家庭乐#
1,现在看很喜欢的 打破了我的构图 [心] //@annie_duyini要瘦更要健康:这张难度最高了[晕]，把我们家方给气坏了，拍了半天是歪的[哈哈]
1,回复@戴eddiete:谢谢您！ //@戴eddiete:祝生日快乐! //@陈玉霞博斐秀禾:回复@黑松白鹿_华令:谢谢华令！[哈哈][哈哈]  //@黑松白鹿_华令:陈姐生日快乐！[鼓掌]
1,[偷笑]这个绝对可以有~ //@生长在夏天的橙子: 河南同学推荐的开封夜市小吃[爱你]听说700米长的街上全是摊位。。从蚌埠去开封火车只要60多元[嘻嘻]下次一起去吧
1,回复 @Winnnnnn:菲林？芝麻卷？ //@Winnnnnn:透明既甜品?我就??... 菲林   [偷笑] //@人地女朋友:我??都好?意食架，成日目及住透明甜品?心?[嘻嘻]
1,家居生活还不够美好，所以我们要努力[嘻嘻]
1,2013一家新//@吴克清: 齐心协力，一家人。[鼓掌]@SCC胤 @金榜歌会-晨光 @严琦全国政协委员 @林华磊1986 @成龙 @那英 @80后作家曹永胜 @彭曙光V @张何 @方华666 @杨代胜 @秦士存 @傅继英 @张佐如 @北空女兵 @Ever?情 @冯跃振 @牛兴全 @伊嘟蜜 @全聚齐_李克 @金榜歌会-晨光 @牛浩东 @冯跃振
1,[鼓掌][鼓掌] //@额临时房间:不错[威武] //@山水嘉禾孟亭:倾听民意，解决百姓实质问题！不少政府领导已经充分运用了微博平台，拉近与百姓的距离！@庾云彰 @腾冲一品堂 @开封杨明伟
1,@汤吉吉小姐和老任的幸福生活 [哈哈] 我在这里:http://t.cn/z8LQJx1
1,入住高大上的MIDAS HOTEL，跟着雪姐有肉吃。[嘻嘻] 我在这里:http://t.cn/zRw8bw1
1,帮最屁的@羽泉 做Live的都是PRO级的Master，也许因为这才让老师们委屈的，但是...！... 离过年不是还有日子吗[嘻嘻]//@铮子:哈哈哈，我比去年多了[哈哈]
1,回复@最爱口香糖000: [得意地笑] 我们的客房分为老式电影院、海河河畔及欧洲奢华三种设计风格，将天津的邻里文化自然融入其中。[威武]祝您国庆快乐[国旗]国庆期间有空来酒店！ //@最爱口香糖000:最最爱的酒店@天津海河英迪格酒店Indigo 喜欢不同主题的客房设计[爱你][爱你]
1,中午吃了苏稽镇最有名的一家跳脚牛肉，都是重口味，不过肝脏神马都干干净净，味道辣中带香，牛骨髓最喜欢，@i角角 ，我和@karen老邱 @口味重-_-老江 替你吃了好多，你好好在HK喔。[嘻嘻]
1,[心]爱，从来没有固定的模式，每一个细微举动都是表达“爱”最好的方式！花间堂，在许多微不足道的动作里，表达满满的爱意！[爱你]
1,[嘻嘻][嘻嘻][嘻嘻]机器越来越智能，人越来越懒，很多器官难道会用进废退么！
1,@懒人业余餐厅 领着廖那厮，唐那厮！参加顾老师拍的毛片子，…蛋疼！[哈哈][哈哈]
1,[哈哈][哈哈]//@炳炳19:[围观][围观] //@九江旅游杜少华:【修改版】一山飞峙大江边，山下陶令闲耕田。采菊种豆桃源梦，吟诗品酒人间仙。千年九江山水秀，万众英才笔墨添。人生何处洗心乐？浔阳江头已忘言！@烟雨听潮2011
1,杆法、观念和线路跟9球的区别很大，要把准度融入到实战当中还是需要一段时间的适应。加油[太开心]
1,品味泰国[可爱][可爱]
1,//@Liz力子: 哦呵呵呵呵~啊哈哈哈哈~狂点赞[哈哈] //@鹿希:听说这个作品很俏皮 //@我说呀姑娘你别害怕:一呼哈我就无法自制的要唱“是谁送你来到我身边”。。。
1,普达措的松鼠很有爱~[嘻嘻]
1,收款中！[哈哈]
1,明天用新的小白[爱你]
1,[嘻嘻] 下班后奖励自己一杯吧，明天就是周五了哦~
1,这个可以有[可爱] //@小小辣鱼: @2012的风云 @何高峰v @鸡飞狗跳2 @健康姐
1,把快乐带给身边的每一个人。//@女人??主Yvonne: 快?呀！ //@胡敏珊Christie:[爱你]
1,哇塞！[爱你] //@OnLing:第一次见到这么大的蛋糕啊~[哈哈]
1,恭喜恭喜，组个团来趟济南火老幺吃货行吧。上次吃完让我念念不忘的味道啊。 //@食尚小米:山东的朋友们、和来济南的朋友们、我来济南了[爱你][哈哈][给力]明天也就是26日上午10：18分，我和好朋友@张智铎 合伙的@济南火老幺食尚餐吧 诚意开业！
1,幸得唐先森钦点真是与有荣焉[偷笑] //@Chris_Tang:本次拍摄唯一的女BOSS! [鼓掌]
1,#我爱黄金假日#这是幸福的吃货[嘻嘻]来自签到粉丝@李可墙 馋人分享[抓狂]
1,有哥伦比亚大学的经济学家认为，人民币被低估并非金融政策所致而是缘于计划生育政策。男女比例失调不单使男性劳动力过剩而且娶媳妇的竞争也与日俱增，迫使很多家庭只好加强资金储蓄量。全是彩礼惹的祸！建议美国：1）鼓励中国男性移民，多娶美国老婆；2）鼓励更多美国姑娘到中国去找老公。[嘻嘻]
1,坏心眼和我一点关系都木有[哈哈] //@战群-Avaux:[花心]
1,哈！我也算经历过几艘牛逼的船了，路飞的桑尼号海盗船都去日本坐了，这样的油轮我更要坐一次！！[偷笑][威武]//@魔都生活圈:没有最大，只有更大！此生总要去见识一下的！[酷]//@皇家加勒比国际游轮: 人这一辈子，总要登上这么一艘大船！[嘻嘻]
1,不用怀疑，十二月真的是可以有樱花盛开的！不信？来大理南涧县无量山看看！[鼓掌]
1,最近忙得没时间制定十一假期在武汉的安排~想见我的小伙伴们快来报名和我约会吧[爱你]?
1,物以稀为贵，昨天坐着出租车，司机师傅等红灯的时候也不忘狂拍，我也在车上狂拍天空，很激动[嘻嘻]
1,算上我 //@-----fish-----:升级了要请客[嘻嘻]
1,简体出来了哈！[鼓掌]//@柳迦柔: 感谢宏章传媒[呵呵]望朋友们多关注支持[围观]@出版人宁宁 @COFCO段振亮 @老范行军 @东木DM @牛歌地盘 @袁道之 @张放 @阿晨 @阿唛 @DJ刘波 @马克导演 @盛京齐世明 @兰恩发 @魏晋姚胜祥 @牙医姚加成 @赵志刚 @赵宁宇 @马铃薯兄弟 @刘臣君 @出版人赵利铭 出版人王三石
1,回复@老夏_unpricedgalaxy:[嘻嘻]我找找去。。。。。 //@老夏_unpricedgalaxy:用眼过度，以后多看无码的，马赛克飞燕[笑哈哈] //@编辑郭强:回复@老夏_unpricedgalaxy:是电脑，老夫眼力不行了难道？ //@老夏_unpricedgalaxy:回复@编辑郭强:你用的手机吧，屏太小，得用电脑看
1,想玩儿股，反被股玩儿。//@小地喽?子:[哈哈]
1,看过了 这男人后半生在纠结的人物关系中疯掉[嘻嘻]//@侧帽轻衫且从容:卧槽！！！其实那男的很悲剧//@?艺_:我居然看..完..了...//@抱着叶子炸毛线:再看还是好经典[嘻嘻]//@Happy张江: 要拍成电视剧！
1,舒服[嘻嘻]
1,[哈哈]//@庄雅婷: //@曾焱冰: [哈哈] //@健崔: 。。。
1,头等舱约座，只对新浪微博VIP会员开放[哈哈] //@发光的大金子: 以邓文迪老师的经验看，大航空公司头等舱或公务舱约炮才是有长期价值的。。廉价航空的?丝约炮不过只是多个旅行炮友而已。。。 //@艾勇:转发微博
1,欢迎大家收看[嘻嘻] //@刘金霏:就在今晚，欢迎大家收看
1,[哈哈]果然结局大亮，太欠了！
1,回复@程诗然:去埃及吗？[嘻嘻] //@程诗然:美哇[鼓掌][鼓掌]
1,回复@老李家小李ly:[哈哈]我不想做小鸡鸡！ //@老李家小李ly:新年快了！你该不会想在＂大裤衩＂里开分店吧？[偷笑]
1,遗传的力量太强大了，刚看见一对母女从身边走过，天啊，身材，五官都是一模一样，看了妈妈就知道闺女长大了是什么样，看了闺女就知道妈妈小时候是什么样。完全的复制，一点儿悬念都没有！[哈哈]
1,回复@莫高戴胤:[哈哈][哈哈] //@莫高戴胤:原来白石老人也玩手机啊，最后一张 //@韩湛宁: 转发微博 //@韩湛宁:转发微博
1,老婆夜夜鼾声如雷？？？？//@上海广告媒体圈: 这个对比好，大家看看[嘻嘻]
1,[good][good][good]赞赞赞～～[鼓掌][鼓掌]
1,回复@为某某而生:[亲亲]每一位来维洛纳的客人都是王子公主 //@为某某而生:哈哈 赶紧采纳吧 送房给我啊 //@维洛纳主题酒店:哈哈，我觉得可以把前台打扮成王子公主的模样一定会有好多情侣合影留念@李振龙V 掌柜的觉得怎么样？ //@为某某而生: 在情侣酒店里最想看到王子和公主
1,花样儿花色羊肉馅儿大饺砸…………即将出锅儿[鼓掌]
1,这样的恩爱要常拿出来晒呀！因为你们我决定还是相信爱情了！//@老潘：来了来了！[亲亲]
1,简单的幸福~[爱你]
1,欢迎入住#Dusit Thani Pattaya#[爱你][爱你]
1,看新浪怎么判 //@邓子寒1988:呃//@侯宁:[崩溃] //@地瓜熊老七:我记得老榕叫王峻涛啊，我画得明明是贾玉榕，怎么会是你？难道真相了？老榕你亲爹姓贾吗？//@密密麻麻密: [哈哈]//@地瓜熊老七: 老榕竟然举报说这图画得是他！你也太自作多情了吧！这还有主动对号入座的，我要画条狗你也来对号入座
1,这个同学快手哈，刚刚收到作业就出来啦??等你硬菜[哈哈][哈哈]
1,回复@神经病二姐:[嘻嘻] 有压力，才有动力，哈哈！ //@神经病二姐:姿势美是首要的，成绩好绝对是必须的！// @FCC韩健刚 :美女打高尔夫，重要的是姿势，球飞哪里，那是球的事[哈哈] // @golftravel李超 :说得好！ //@头等舱俱乐部:[嘻嘻] //@FCC韩健刚：那当然帅呆了哈
1,回复@x0?限??性妹?:[爱你][爱你][爱你] //@x0?限??性妹?:[花心][花心]上次跟朋友去一次  流连忘返呀  啧啧啧 //@七叶香山欧式园林会所:谢谢[花心] 我们再接再励。欢迎常来阿[太开心] //@大关关啦:味道太不错了！[太开心] //@zz伊辰:@七叶香山欧式园林会所
1,走吧！再再走上滇藏川藏青藏@猎人伞兵 @大鹏背包走天下 @XMAN_宗介 ，我们一起走起到@背包客小飞 客栈一次相聚……//@XMAN_宗介: [鼓掌]转起！@背包客小飞@背包客暮雨@三木之地@小雷旅行@翟猫猫@Luna熊猫爱旅行@oohle@beyourhero //@大鹏背包走天下:走过七条进藏的人悄悄转起！
1,很有创意//@茉莉--Molly:谢谢沈阳哥哥的大力支持转发[太开心]//@小沈阳: 外国帅哥，扬琴用得很给力！支持。
1,[哈哈]//@财经女记者部落: 男混子、女汉子、男骗子、男土豪[嘻嘻]
1,心动-开心果慕斯[抱抱]//@微笑的熊妈妈: 好诱人 //@华远会:#华远会联盟商家#ebeecake新网站上线啦~[礼花]各位亲，更多新品猛戳链接啊~[好喜欢]
1,我是绿色的小青蛙！呱呱~我是远看很瘦的小青蛙~呱呱呱~~[嘻嘻]
1,哈哈我们的晚娘系宾个也[偷笑] //@潇湘子珩:有“晚娘”这个词的哦！[哈哈]// @大松在羊城 : 羊晚的呢？[哈哈]// @东风大少 : // @摩羯座的达洛威夫人 :[哈哈][哈哈]// @信达达得快乐 :[哈哈]
1,这种天还是宅在家看书比较爽哇[嘻嘻]
1,哇，太可爱太可爱了!!![爱你] //@麦丽儿Maggie:必须不能啊 //@老娘我来了:哟～跟小娃娃似的～这半岁满岁去照相馆的传统不能丢啊～
1,同意右边以及右边的右边[哈哈]//@吴海:同意右边[哈哈] //@麦田捕手: 不想看约架了，有能耐约炮[哈哈] //@孙礼纪事: 能别丢人了吗。
1,处女座的人QQ不是隐身就是离开，其实他根本就在线！因为只和感兴趣的人聊，其他人一概不理。超懒。爱发呆。擅长装傻。天真单纯没心机。喜欢微笑。见生人话少。好友扎堆爱闹。老友只想念不联系。讨厌形式主义，讨厌装b的人，讨厌娘娘腔，会有想打人的冲动。[偷笑]认同的举手，不举手的才是处女座[哈哈]
1,过3000了！ //@陆川:// @阿丁 :回复   @堇荼如饴  :没人禁，是自禁。现在回来了。 //  @堇荼如饴  :[嘻嘻] 解禁了？ //  @阿丁  : //  @何江涛  :[good]   //  @蓝弓子   :我报名做志愿者，打杂。
1,[嘻嘻][嘻嘻][嘻嘻][嘻嘻][嘻嘻][嘻嘻]可耐的小裤裤
1,[偷笑][哈哈][哈哈] //@rayka:我以为，梯子给p掉了～～～ //@褚小波:他怎么上去的～ //@rayka: 哈哈哈，这个笑疯了～～
1,回复@睡不醒的小仓鼠:咱家有转发微博抽奖的活动哦~店里有介绍，快去参加吧~[嘻嘻] //@睡不醒的小仓鼠:[哈哈]打折吗？ //@聚点串吧餐饮:欢聚 总是无法忘记的~欢迎来串吧做客~祝您用餐愉快哈~
1,祝山药事业越做越大，走出武陟，叫响宇宙！[good]//@三毛橄榄树: 哥种的不是山药，是事业！[推荐]//@杨亚天: 这种的不是山药，是山药思维 //@济南卖土鸡蛋的肖班长:山药哥值得学习！//@山药哥赵作霖: 可不是嘛[哈哈]@牧风飞天: 认真干即可，生活需朴实！[爱你]
1,传说中的包子脸[哈哈][哈哈][哈哈]@吴曼临  //@棉袜子: 好想跟它一样沉沉睡去~
1,给咱校争光[鼓掌] //@LRTV穆琳:还得加油啊。。// @曾俊杰jj : 实至名归！[鼓掌]我觉得应该更加努力进入前三！希望每一位已经毕业的同学们都要加油，hold住整个主持界，让师弟师妹们也可以骄傲起来！
1,“打死我也不说”[嘻嘻] //@行者林清平:＜＜书名暂时保密＞＞
1,[鼓掌]这人品不一般呀~~~~
1,哈哈，老婆你太可爱了！！[哈哈]//@Dianer癫儿: [得意地笑]
1,风景如画！祝大家十一节日快乐![鼓掌][鼓掌][鼓掌]
1,谢谢您[嘻嘻]我们会努力的。
1,今天接到我的母校@棠湖中学 校友来电，邀请我参加母校20周年校庆！好开心哦！有些激动[嘻嘻]想当年，小学毕业我被随机分配到别的中学，可我特想住校，棠中因为我是文艺生才破格录取我的[偷笑]于是我们93级的初中生成了“住校生元老”[太开心][太开心][太开心]久违的老师同学们，多么的想念你们哦！
1,人家是功夫熊猫呢 灵活的很喏[哈哈][偷笑]
1,是吗？有创意[哈哈]//@吴家小瑕:?覆了空姐的形象啊
1,[哈哈][哈哈][抓狂]
1,//@权金城韩国烧烤:[可爱]谢谢，亲给的好评，我们会继续努力的！[抱抱]
1,//@花间堂官方微博:春夏秋冬，花间堂带你感受一段穿越四季的感官之旅[可爱]
1,[嘻嘻]汪峰还木有上头条呢
1,蓝精灵2[哈哈]
1,哈哈中奖啦！@Vivi作无敌 亲爱的你也中了！@jo的素年锦时 明儿你的票我买了，咱三一起去[哈哈]
1,怎么会这么少，我印象里现在一个人最少要100了。。。我现在正在苦修易经，打算退休后开辟第二职业。。[哈哈]
1,我觉得浩浩可以应征这个品牌的小小代言人[爱你]
1,#5min笔记#这个如果是图中App跟『泰?』风做宣传推广的话， 我得说它做的还不错[哈哈] @火星小丫丫
1,"搞搞有基情[哈哈] //@英特尔中国:Hello Moto, Intels inside as always!"
1,[嘻嘻]我是创业的
1,@徽州小生Li @侯林林微博 [鼓掌][鼓掌]
1,百岁好。 //@柳中谦:各位吃货，百岁在建湘路尽头，喜来登边上，有台阶下到芙蓉路 //@荣志四世://@云游河东: @柳中谦 求私家菜馆位置！//@古清生: 长沙坡子街，俺给它取名人民的盛宴，每天每天。。。//@我是一只小麻雀吖: 吃咱湖南来了[可爱]
1,欢迎//@只是二分之一的我: 回头咱也尝尝去啊@闪电侠小西 //@菊儿小枣:加我微信吧，还有优惠呢[可爱] //@???-婷小妖:@菊儿小枣 这个很有创意啊~~~~~~~~~~~[馋嘴]
1,"我认为说""重庆刑讯10招不准确""应是公安刑讯10招，早就在我们那发生过了，重庆不能是学我们那的吧 //@刘志勇hunt: 十年前我就听过，后来也听过很多服刑的讲，招数太多了 //@AimeeChang: 有网友表示其中行讯各地方也出现过[嘻嘻]"
1,"将“骨;字改作""还""。 //@紫燕雅然:[鼓掌][ok] //@一斗自然全:【夏之韵一一接清泉君】扁舟轻荡柳秀，断云一抹窗明。老宅风骨叙旧，新绿梦归幽情。 //@清泉石上流长:【夏之韵（二）一一接创意君】世事沧桑多变，水乡情怀依旧。尤恋小桥流水，扁舟轻荡柳秀。"
1,要能去，做梦都会笑[哈哈]
1,回复@芳草碧连天722:[嘻嘻]微信总是慢半拍。 //@芳草碧连天722:太美了，受不了了[抓狂]
1,我也稀罕~//@等等ivy: 风格亦深得我心[哈哈]//@苹果Princess: 手绘~~ 大爱~~
1,我的没有了//@伏晶晶0525: //@吉阳阳:转 // @一砣天 : 我也留着来！！[可怜]就一本！！在兰州！ // @美女唐僧 :这可是我最爱用的本子啊 一直留个暗格本没舍得用 // @明明我就叫靠靠 :团购团购[哈哈] // @Ericmclaren : 到现在还有全新未用的几本放着~ // @米粒饭团儿 : 现在还有吗？走过年回家买走！
1,好吧！能值一块就不错了//@童言趣语录: 只有摇摇[偷笑] //@pantx007:两岁四个月的女儿最爱说的一句话：爸爸上班班，赚钱钱，（茵茵）坐摇摇。爸爸每次一听，脸上都现黑线：原来我在女儿眼中，只值一块钱。[哈哈] @常伴我左右 @甜心橙子BB @无敌小花猪 地址： http://t.cn/SaAQwS
1,我赶脚挺好的，应该比白龙马跑的还快吧[嘻嘻] //@蛋生101-DX: @大眼儿猫咪 [哈哈][哈哈]
1,揍你 //@5A嵩县阳天池:为了@好脾气的漂亮乖乖女 能开心，俺把好友全得罪了 //@5A嵩县向前:大师[嘻嘻] //@好脾气的漂亮乖乖女:[哈哈]真经典，幽默的@5A嵩县阳天池 太[赞啊][赞啊][赞啊]
1,这张《情爱长安》的海报，这从由上到下的过度很震撼，有种感觉是“ 一个人静谧的说话就让整个大唐盛世铺展开来，跃然眼前了。下面倒映的大明宫和睡莲更是如梦似幻，美不胜收。”/ 大家喜欢就好，11月11、12日的东方剧院，我们会送出一些。[嘻嘻]http://t.cn/zRct1iF
1,[哈哈][哈哈][哈哈]@聂老二
1,?於?面！[嘻嘻][哈哈]
1,湖中亭顶有小平同志生平连环画，看到没[哈哈]
1,#微游山东# 早起到洪家楼教堂转转，远远挥挥手，要和济南说再见了~谢谢@新浪山东旅游 的热情款待，这次的#两湖达人山东行#玩的很嗨很尽兴！济南和我想像中真的很不一样，干净漂亮宛若江南，有机会还要再来~[爱你]。。。【太想看济南的雪景啦】。。。  @湖北旅游 我在这里:http://t.cn/z8AqqOx
1,回复@爱着海的鱼33:[嘻嘻][可爱][爱你]！希望我们都能快乐的生活! [心] //@爱着海的鱼33:回复@love映霓:呵呵，互粉!你的认真、严谨、正直......很多很多优点都是我所欣赏的，喜欢你!希望我们都能快乐的生活!
1,#首都美食# 北京电视台的主持们昨日光临我们的韩国料理店了~加上之前的央视名嘴~#端午节# 来北京的亲~想在我们这里和明人求偶遇吗？[可爱] ?爱北京~爱旅游~爱美食！请关注@首都大酒店官方微博
1,不是看，是写！谋生。//@憨豆趣逗: 哈哈，你们还看电视啊，傻瓜[嘻嘻][嘻嘻][嘻嘻][嘻嘻]
1,宝贝，姐姐真是爱死你了！[爱你][亲亲]
1,捷泉是什么？//@有食很美--心砚堂: @首机壹叁陆 下次可以改地方了，别老是捷泉捷泉的。。[哈哈]
1,//@杜子建: 我现在报名还来得及不？有位相面大师说我骨骼清崎、面貌俊逸、有万世不偶之才！可官拜宰相之职！//@陈劲松: 没看报考公务员排长队吗？[猪头][哈哈]
1,好嚣张，好霸气的嘞[鼓掌]
1,[哈哈][哈哈] //@芳芳夏诺多吉:刚接更正：刚刚演唱《因为爱情》的其实是郑智化和曾轶可！//@曾锡文:嘿嘿 //@封新城: 嗯哪。
1,回复@古倒吃158:够吃够吃了l //@古倒吃158:敏姐，你用的神马软件拼图，没降低精度，吃得分量太小，不适合大卫[哈哈]
1,作为一个不太称职的管理员，我要表示一下，热烈欢迎[鼓掌] //@耳朵爸: 欢迎@Esposa_yuanya   这是一个人迹罕至的群~~ 欢迎你~~~ [原文地址：http://t.cn/hDb73J ]
1,我已经好几个月只穿那几件衣服了……找点其他事情忙一忙就会忘记购物和换衣服的[嘻嘻]//@张娜NATOO: 试试看啊
1,//@奢华旅行度假: 推荐给有计划前往的朋友[嘻嘻]
1,微胖是多微？肉肉的，好可爱，我喜欢！[哈哈]
1,@景蛮蛮 @拉脊山 不解释[哈哈]//@荒岛上的游客: 哈哈！//@重型坦克66: 转发微博
1,这是现实版致青春吗[哈哈] //@闫志威了:这个久违的口号啊~//@宋??songtao: 还记得我们的口号，“时风时风，路路畅通”。。。@闫志威了 @天天laughinging
1,#内观禅修#@内观禅修Vipassana 课程圆满结束，我被放粗来了哈，大家都好开心[哈哈][可爱]保持觉知。保持平等心。生活中继续修行。。。@?有朋 @童小?的幸福絮语 快来，今天的天空好美啊[心][微风]
1,镖！行！天！下！//@?有朋: [??][威武][嘻嘻] //@郭京飞:走你！
1,[爱你]老磨坊欢迎您[心][握手]
1,[哈哈][哈哈][哈哈]@鹏的莹 @活着活着就明白了 @北京土妞儿 @bj小九 @Maaajiiic婕
1,回复@人人都是地行仙:还给我们tips! 赞![哈哈] //@人人都是地行仙:#郎廷精彩回忆#第一次入住香港朗豪酒店就被升级为套房。[嘻嘻]记得楼下是朗豪坊和旺角地铁站，逛街和去迪士尼乐园很方便。@vivipeng @琛琛宝贝91 @aimin1028 地址：http://t.cn/S7WyW5
1,[鼓掌][鼓掌]好美的新娘子~~
1,昨晚死党从新西兰打电话来，大冬天的躲在结了冰的车里策了两个小时。我们真是长不大啊，还是两条光棍。[哈哈]
1,方浩兄弟要亲自回答#剑侠世界#广大玩家的各种“私人”问题！[哈哈]//@端心砚: 要装备，要坐骑！吼吼
1,#吃货也要好身体#不锻炼好身体，怎么当一个合格的吃货呢？现在是下午三点，坐久了就起来活动活动吧~[抱抱]（正在上课的童鞋等下课再站-。-）
1,求鉴定了啊！这是几年前机缘巧合，寺里的监院馈赠的108颗珠子，但连本主儿都不清楚是啥材质的，几经周折到了俺的手里，今天得瑟一下，想闹个明白，这珠子到底是啥做的，请懂行不懂行的给个明白，多谢了各位[鼓掌]
1,这程度俺难以企及啊[笑哈哈]//@黄靖源胜利: 有福兄，这已经是俺大脑逻辑的最高程度了，绝无贬损老兄之意，脑子就这愚痴的水平啊。[泪]//@有福社长: 您不能这么贬损老弟啊[哈哈]//@黄靖源胜利: 您才缺一根筋，愚痴程度不均衡，俺要做到缺两根筋，这才是全面发展
1,"没有最假,只有更假!!![哈哈]"
1,变装行动，搞定！[哈哈][哈哈][哈哈]
1,回复@拥趸人生:打泡泡[吃惊] 好吧，其实是那么大的厨房岛台都占满啦！[抓狂]//@拥趸人生:都去洗手池的电源打泡泡了[偷笑]//@EchoBookCafe:回复@一个人的旅程也精彩:是定制活动，没办法参加哦！下次有活动节目通知你哦?[嘻嘻]//@一个人的旅程也精彩:回复@EchoBookCafe:怎么参加呀[花心]
1,小样[哈哈][哈哈][哈哈]
1,请看活动的具体链接：http://t.cn/zOSZAy0   呵呵~ [嘻嘻][哈哈]
1,#周末HK乐活# 来了来了！胖嘟嘟的龙猫化成小梳化，来了尖沙咀海运大厦3楼LCX的Donguri Republic~等我把你带走吧，要等我喔！！ [太开心]
1,回复@游走世间一?丝:[哈哈][哈哈]周末搞笑，轻松一刻！ //@游走世间一?丝:哈哈哈 创意无限啊 //@武夷山红骏茶业: [给力][礼物]金骏眉，茶中珍，中外美女都爱它！ //@红袍加身私房茶:回复@紫鑫坊:[爱你]大爱无界！  //@紫鑫坊:[哈哈][赞]
1,回复@卡纸宝宝:在属于妈妈的节日里，回报的方式最好莫过于自己动手送上一片心意！[爱你]我们餐厅也特设了自制PIZZA环节，让大家为母亲们制造特别回忆~[嘻嘻] //@卡纸宝宝:羡慕啊~没有自助餐可以吃 那只能自己给妈妈做一顿了哈哈 //@苏州万豪酒店:晚上可以和母亲享受花园自助烧烤啦.
1,回复@小海学摄影:谢谢老师！[可爱] //@小海学摄影:【川西 ? 暮秋里最后的金黄】摄影：托斯卡纳TSKL（四川）
1,[嘻嘻]怎么称重呢？//@守望地球野外科研志愿者机构:体长达740～830mm的滇金丝猴，你知道怎么为他称重吗_______？快快来回答探叔的问题，还有机会赢得探路者野餐垫！
1,相声名家刘兰亭老师和杨常在老师在?乐社表演的《批生意》！！太精彩了……都快笑哭了……[哈哈][哈哈][哈哈][鼓掌][鼓掌][鼓掌]
1,刚刚结束了7天的假期，不少人出现了肠胃不适的症状，这可能是因为假期中生活作息和饮食习惯改变引起的。小编建议大家：节后要以清淡、简单的饮食为主，不宜吃的过多过杂，饮食八分饱。坚持大概一周，就可起到帮助清肠胃的作用了。[嘻嘻]
1,回复@fonseca:王老师是经济学家里最会说相声的，是相声界最懂经济学的。[偷笑] //@fonseca:王老师才是嘉宾中的战斗机！[哈哈]他前世是相声演员吧
1,回复@钝勾陈:我这只镜头是被无数人藐视的24-105，哈哈。 //@钝勾陈:好镜头~[good][哈哈]
1,@李特TT 好像挺准[挖鼻屎] //@星座小王子:[嘻嘻]
1,[威武] //@FireBible:Cool！正式上市！[爱你]
1,回复@Genius天华:烟花易冷唱得太好了。原唱要哭了 //@Genius天华:喂，说你呢@静宝宝Faith ！[哈哈]
1,//@尚开红: 对，圆头煮[哈哈] //@黑衣法师:洒家95年曾去圆头煮一游，还在那鼋头上照了相，一别18年了。我读的对么？ //@尚开红:刚来无锡一个月，还没去过鼋头渚，话说你们都会念这三个字吗？//@兄弟一连: [给力]//@请叫我姑娘ATM谢谢: 镜头下的无锡、向往~
1,也可以设计个男士专用的//@angela-媛爱跳舞:不错我喜欢[偷笑][偷笑] //@健身教主:哈哈，专为大胸设计海滩利器，小心螃蟹的钳子！！[哈哈][哈哈][哈哈]//@ms思媛:@健身教主 /@最最最搞笑精选: 非常实用的设计，强力推荐！！！
1,米库漂亮，所以，我才能拍得漂亮啊。[good][偷笑]，不过，我是飞羊，不是飞扬，@小米在米库 ，你别把我做菜吃了。 //@小米在米库:回复@裙摆轻扬:最美是你啦[爱你][花心] //@裙摆轻扬:飞扬帮我们四个拍的那张也很美呢 //@小米在米库: @裙摆轻扬
1,[围观]实物造句～～[嘻嘻] //@任大猛:明年农历年，是马年，看到不少地方已迫不及待，用“马上有Ｘ“造句了”//@国家博物馆: 马年就要到了，为大家而转过分不？[偷笑]
1,你去成都了撒？ 明年我就又心动丽江啦[嘻嘻]。 不是，就是我说的厦门环岛～ //@CheRieXiXiSucre:妞儿 我成都都还没蹦达完回家呢 就又想诱我去厦门了呀 等你回来 明年咱约起来哈[爱你] ps：pic1是厦大附近？
1,回复@龙洋V: 不出两年 龙洋将走出南京 影响全国 //@龙洋V:谢谢亲 您的书我收饭啦[爱你]还有一本星期一给长征姐 //@盛世读书:转发微博
1,#为什么大家都买这一瓶？#到底是哪一瓶呢？难道是这一瓶？！三个提示：1、一件产品两个颜色2、宫廷御用古方3、线上线下秒杀万件的明星单品 即日起，关注@家化E起来 ，转发此条微博并写出答案，另@三位好友，就有机会获佰草集太极随身套装！只有20个名额哦！赶快来参加吧[抱抱] ~http://t.cn/aYQxLw
1,好，如果有售的，我也买来一本看。非常感兴趣。 //@dorali:@阿涩鱼 [花心] //@行者梦野:回复@DaySasha:@阿涩鱼 @dorali 我的新版玛雅书籍《末日之旅》出版后送一本给你留念[耶] //@DaySasha:下周送终审。。。末日前出 //@行者梦野:那还得去问问@DaySasha 俺的玛雅书何时出版啊[哈哈]
1,巴塞罗那巧克力博物馆，4P[爱你]好开心呀[鼓掌]谢谢亲爱哒《游遍天下》@张熙 @翟猫猫 @N-暖暖 @mia327 @我是Selina猫眼 @巴塞罗那田园家庭旅馆 @eopm @XMAN_宗介
1,hoho！欢乐欢乐！[太开心][太开心][太开心]
1,咱们大家都天天有喜[爱你][爱你][爱你]
1,#午间小憩#[鼓掌] 不管天气多冷[雪] 都喜欢[心] 吃冰激凌[c娇羞] 。。。
1,[鼓掌]“出发前一天”是亮点，希望明天要出发的@Ns伤小坠 今天也能收到啊！祝你们旅行愉快~可以旅途直播噢~[哈哈]
1,和设计师做海报[做鬼脸]。门头、VIP卡、会员卡、名片、宣传单、海报，都是我一手设计的[可爱]，只是人家不会用软件[委屈]，真是难为设计师了！ http://t.cn/zWh7GiK
1,肥是一种勇气，胖是一种态度！[哈哈]
1,红烛摇曳中，生日歌在午夜缓缓响起，温馨而甜蜜。每年这个时刻都会告诉自己，要坚持最初的梦想，好好守护爱我和我爱的人，不放弃每一个让生命更加精彩的可能。感谢一直以来给予我支持和关爱的家人、朋友！恭祝自己生日快乐，幸福满屋！[哈哈]
1,@setsuna-? 我也吃到啦[哈哈]
1,回复@sofia:谢谢[爱你]亲，我下载了[哈哈] //@sofia:@香草猪 @九重春色 @三只猪vv @花子tt @蔷薇窗 @阿溪同学 @阿鱼同学 @DJ王敏 @s_vito @上雪 @北角山妖 @iamfreer @紫薇清嘉 @科莫-长腿叔叔 @托斯卡纳TSKL @独臂老宋 @老沈影谈 @echodan
1,“生命也许很弱小，生命只许很强大“！轮椅上的梁艺，比许多站着的人，站得更高。[爱心传递][爱心传递][爱心传递]//@湖南公视帮女郎:[爱你] 转眼间，你坐上《帮助直通车》的主播台已有一年多了，以后的每一天，让我们把正能量传递给更多人！@湖南公视 @芒果V基金 @凌红江 @一姗小姐
1,太棒了，周四要与腾讯网美女编辑 @元宝滴娘 去 @胖星儿 家实录她在《30分钟做营养晚餐》里的几道经典菜品呢，期待奥~[可爱] //@林千千2011：呵呵，祝贺《30分钟做营养晚餐》大卖！
1,[哈哈][哈哈] //@O-bai: 亮瞎了//@蜜瓜瓜:配图亮了//@塔二: [哈哈]//@格罗母之血: //@撒泼打滚: [哈哈]
1,"胡会长精神,美女们漂亮[鼓掌][鼓掌]//@谭昱君:不管相片右侧滴还是真人右侧滴统统都是吃货[哈哈] //@边疆边吃边说:右侧的美女也是吃货吗？ //@胡滨微博: 我只代表我自己哈"
1,思念，是一种病，今天你病了没？[可爱]
1,我和谁都不争， 和谁争我都不屑； 我爱大自然， 其次就是艺术；[赞][蛋糕] 恭贺先生101寿诞！ //@音乐人杨海潮:我也爱大自然，其次是艺术[哈哈]杨门女绛 ，百岁更帅[蛋糕]//@卷麻花:难得。这话曾经抄在日记本扉页上。
1,喜欢读 //@耗耗老爸李大卫:@王晓渔 //@耗耗老爸李大卫: 谢啦。小丫头。//@蓓LBQ: Cool~[酷][围观][鼓掌] //@billxuj:信息量很大...“被庸俗的美国文明同化”[嘻嘻] //@耗耗老爸李大卫:[害羞]
1,抱着火炉吃西瓜[鼓掌][鼓掌]
1,很高兴收到并感谢@王辉-美屋 寄来的MlNG明日风尚杂志，从中不仅能看到＜不染居士的禅茶生活＞＜漫步台北的记忆＞还有＜杯中的意大利风情＞以及由西班牙大厨Jordi演绎如何将初夏的果实-朝鲜蓟搬到餐桌上???喜欢[鼓掌][鼓掌]
1,@纪豪在巴塞 向你学习[爱你]//@杨牧师:看过许多这样的人，忙忙碌碌周旋于这个那个之间，带着面具、强颜欢笑着。因为面具，别人也以面具待之；因为虚情，别人也还以虚虚假假。看似热热闹闹，但，静静时，却找不到一个可以倾述衷肠的人。最后想想，何必？！该去去，该留留！
1,[爱你]//@卢米埃成都来福士影城:#LD 厅# 成都 就来卢米埃影城震撼 自己的视听
1,大眼儿写得太好了！[鼓掌][赞][给力]
1,最喜欢台湾同事来，有凤梨酥有美丽日记，今天还收到一只很心水的圆珠笔，桃心闪闪亮，如果是男同事送我的那就更心水了哈[爱你][微风]
1,信任你我的怡宝 [嘻嘻][嘻嘻][嘻嘻]
1,小东西太馋了，有肉就不菜[嘻嘻][嘻嘻][嘻嘻][嘻嘻]
1,强人啊[鼓掌]
1,回复@草原900:[哈哈]俺继续努力 //@草原900:这年头够土才有范。。[哈哈][嘻嘻]
1,不仅好看，还好吃哟。。。不吃者不知。。。[哈哈][哈哈]
1,三罚三中！杰克逊，你是加勒比海盗附体！[鼓掌]
1,吃着早餐、看着蛮子大叔翘着腿发微博[嘻嘻][嘻嘻]@薛蛮子 我在#上海龙之梦丽晶大酒店# http://t.cn/zOgSROS
1,[笑哈哈]着实惭愧！//@三斤栗子: 正在努力成为你这样的人~~[哈哈]//@有福社长: 哈哈 这是干嘛去了//@三斤栗子: 手忙脚乱，半脸愁容，无福享受。[哼]//@有福社长: 回复@黄靖源胜利:[笑哈哈]老兄好！那是俺所追求的 //@黄靖源胜利:社长果然有福！
1,是赵挺[哈哈] //@黄晶angela:你和 @桥南木  当中的是谁[吃惊] // @胡少的枪 :靠，这你还有啊，你和赵挺也没啥变[哈哈][哈哈]  @桃花林的空间
1,[good] 祝大家节日快乐.//@OCT董亚平:在法国，五一国际劳动节，又叫“铃兰节”。[哈哈]
1,//@Forrest_211job: //@董锐_Jeffery: 哈哈，这个~[哈哈] //@Ftiger: @阿霏的新家 //@糖葫芦猫咪-邓小花儿: [哈哈]这个牛逼，转！！ //@赋文艺:这个必须转 //@张书新: //@兔子不念经:城管看见了咋个说？[偷笑][奥特曼] //@江央乌瑟 这个图片扳扎(昆明话牛B)昆明街头拉横幅
1,[酷] 把头像换回 [鼓掌]
1,[哈哈]帅气的孩子！
1,好主意啊！ //@lily_李立:好建议 //@船长太销魂:郑老，我挺您！[哈哈][good][good] //@郑渊洁:这个可以有[good]老爸[给力]
1,@VIVA_巍 估计你也行 //@cchengwei:[哈哈] 太勇猛了 //@阿卡V:哈哈累不死你[哈哈] //@一本书一句话一段情:霸气侧漏！[威武]
1,回复@yang小羊:[委屈][委屈][委屈]想去惠州求带吃带喝@卖珠宝的大姑娘 @Q佳音  你们有木有意向呢？ //@yang小羊:[嘻嘻][爱你]
1,我证实，此女靠谱滴！ //@董其峰:此女再次微博相亲[哈哈]
1,谢谢美丽的准新娘子！三十号你的婚礼见哦[哈哈]！
1,[哈哈]//@极速飞影: 优势太大了[赞]
1,北大光华EMBA校友会又添新成员，福建校友会于4月6日正式成立。典礼上，光华院长蔡洪滨教授，副院长、EMBA中心主任张志学教授，院长助理、EMBA中心执行主任江明华教授为校友会会长及秘书长颁发聘书。期待福建校友会的成立为北大和闽商校友搭建更加便捷的沟通平台。[鼓掌]
1,"回复@李文宪:干烧鳜鱼，宫保鸡丁，峨嵋豆腐，凉面，鲍汁四宝蔬,都是我们这的招牌菜，我们这好吃的太多了，一下给您说不完，有空带着家人朋友到我们这来，我们一定热情款待！ //@李文宪:有什么好吃的？[哈哈]"
1,什么旅行意义？如果旅行没有了意义，又何必通过旅行去炫耀？快旅行和慢旅行其实只是旅行的方式和阶段，别因为遇到点儿不顺的事儿就这么悲观好吗？旅行就是要快乐才对啊！[太开心]
1,帅死了！[爱你][爱你][爱你] //@布鲁斯南丝:哇哦，都快认不出来了//@于靖_: 像剧照啊！海派的。。 //@台客丹:你们是参加运动会吗，太High啦吧 //@优品张楠艳:酷毕了！[爱你][爱你][爱你] //@文刀木南:优品加油！钓鱼岛是我们的！@黑云都 @黄庄老王
1,回复@北京电台夏天:@jiyimei 说的[嘻嘻] //@北京电台夏天:你咋知道我最爱的[偷笑] //@liyosky: @北京吕世双 @北京电台夏天 @肥牛横牛花牛就是牛 @贾巍Kelly
1,回复@没VIer散德行:是的呀~ 现在开始了二期工程，明年会议中心会更气派的哦~ //@没VIer散德行:回复 @首都机场朗豪酒店:听说明年有更大的宴会厅哈！不是一般的大哦！[哈哈]
1,#阳光灿烂的日子，来玉林建达店庆祝一下吧#现在莅临玉林烤鸭建达店，会员任意消费即享王牌烤鸭半价优惠，另享10%积分返还啦！[赞]会员生日还可获赠50元代金券……[礼物]多重好礼等着您，马上走起吧！[鼓掌]
0,[给力][心]//@陈雨星-精品购物指南:[鼓掌][赞] //@徐春昕: [good][good] //@朱四喜: [失望][失望][good] //@车车smile:[赞] //@在那百花深处:[赞]//@李千岁: [赞] //@呆呆不在家:[鼓掌][鼓掌]
0,[汗] //@于琪: 北四环。。。 //@孙上恩: //@Mr王靖: 年底大家多注意安全，更希望早日抓到凶手 //@HoodleMobile:北四环保福寺桥南... 生活过多年的地方。[怒]
0,#龙年微盘送好礼#@活动小队长 没有收到奖品[泪] 地址：http://t.cn/SS4MO7
0,侬是伐是老忙额，都末睬吾[泪]
0,即使给我一天时间，在国家博物馆也是远远不够的。[抓狂] 在北京的童鞋是有多幸福啊～
0,同行的朋友看到我的这篇采访，都说是我参加的采访中看起来最不象我的一次，麻烦台湾记者，这个看起来很女汉子的感觉，人家明明是妹纸！[嘻嘻][嘻嘻][嘻嘻][晕][晕][晕]@中华航空公司 @去哪儿网酒店控 @云朗带你游台湾
0,两位哥哥真恶心[泪]//@自由田大岩: 又是一盘菜 //@大军1969:回复@肥羊1号:你这么一说，我也想吐了 //@肥羊1号:望京一号的水煮鱼是多油呀。。。。。。。腻味得真想吐。。。
0,我真的好想吃这个啊…都快想哭了[泪]
0,回复@侯新庆:我说我的人生是第二阶段了 //@侯新庆:幸福啊，师哥 //@春晖-来去吉祥:回复@杨春晖nicole:北京佬 做潮州菜十年 官拜行政总厨 哈哈  //@杨春晖nicole:哥是潮州人？  //@春晖-来去吉祥:回复@Speechless_Butter:不大不大   //@Speechless_Butter:反差太大了[晕][晕]
0,象牙和金银或木料不同，越戴越黄，越戴越透[泪]根本就不能养??屯着也不可能升值??
0,我们也舍不得您离开呀亲，[可怜][泪]，记得回来看望我们哦，亲。。[爱你][爱你]
0,出发宁夏银川[飞机]又晚点[晕]
0,[打哈气]啥叫威逼利诱？！//@昆哥Q: 被某高星级酒店公关总监@hilary_li 威逼利诱强迫发她家花心儿工作照的滋味不好受啊！[泪]
0,已老。。好怀念的软件们啊。。豪杰的那个界面。。[泪] 想当年。。用ants费劲巴拉的下着阿贵。。//@V嘞个脖:n年前看着攻略用FPE把仙剑和沙丘数值改了后当时无比兴奋[挖鼻屎]//@ttdz:我都用过//@高云峥:这个，这个，碉堡了
0,我[泪] 勒个去~！她这是上哪的~~！！！
0,无极里有他嘛？还真没印象了[衰][衰][衰] //@秋生-冬瓜排骨:是不是那个无极里没事就嘿咻的大将军[汗] //@中国茶房8:哇！雄霸！[鼓掌][鼓掌][鼓掌][鼓掌][鼓掌]
0,好久木有听到过了[泪]
0,灰色恐怖……[衰]这么多
0,#随手拍#还记得那些年的鸽哨吗？[怒]
0,脑袋里两个小人儿在战斗[抓狂]A：“Fuck off the rules！I wanna be myself”；B：“You cant do that，please remember it”。Morning～
0,放必杀了广发[晕]
0,我都撑死啦。被批评没有战斗力[泪]
0,只上了三天班的一周反而累爆了[泪][泪][泪]要好好睡一觉。要是明天一大早就有各种大爷大妈在窗外站着不停聊天我跟他们急[泪][泪][泪]住在一楼就这点不好。
0,[怒] 为毛老子要看一个跟自己毫无关系的人的微薄看两个多小时啊?==||| 我是不是有病啊?[汗]  躺着看银他妈去....[挖鼻屎] ...
0,我擦！[衰]
0,【奥兰多离婚后与维果后台幽会 十余年恋情终曝光】#信息量略大[衰]#近日，在奥兰多主演的《罗密欧与朱丽叶》后台，被记者拍到与美国男星维果莫滕森激情拥吻。据悉，两人是在拍摄魔戒时相识，并很快发展成了亦师亦友的恋人关系，奥兰多也数次在公共场合表示，维果是他的人生导师。http://t.cn/zR0bK6a
0,乖牛！一定要不离不弃再领养 //@hanul思思:好乖的牛真想要[抓狂] //@陕西旺财他爹:要是西安可以就好了，我家旺财有伴了//@黑嘴无敌_爱吃蛋挞: @Echo的欣欣宝贝 你来?//@yi树yi菩提: //@junaigong6001:[可爱]
0,//@金融八卦女: [哈哈][泪]
0,整个小区都黑了啊~ 什么时候才能来电[晕]
0,超爱mangoes passion fruit，然后又想起J2O了[泪]//@曹小宇: impressed product design！
0,过节了，下班去看个电影先，但是吃点什么呢[抓狂]
0,把相机弄丢了。搞笑阿[泪][泪][泪][泪] 我在:http://t.cn/zYeVbYs
0,放心！看守所锅有人，好饭菜备着[酷] //@4X4硬派机器:哥哥，你这消息应该贴到后藏阿里地区[嘻嘻] //@隐形门的世界:[哈哈]有人想捣乱 //@4X4硬派机器:你这是狠我们不死呀[怒] @小卡猫咪管家
0,我怎么只能看到1[泪] //@咆哮女郎柏邦妮:我是2和5 //@逼傻空悟:好吧。。我用电脑点开放大的图片后，结果依然是。。。。。。我是病人//@??舞: ?跪！
0,屎诗[衰]//@邵明波: //@康国平: oh，shit！ //@psyduck:一边吃饭一边看完了本帖//@孟铁柱: 转发微博
0,芒市广腊亮街翠堤晓镇东门对面的绿化带有一个绿化水笼头一直往外喷水，没有人管，也不知道哪个部门管，能否联系一下，水哗哗地流呀[伤心]@德宏电视台第二视角 @烂衣裳 @德宏同城会 我在:http://t.cn/zTcVzZ8
0,回复@于本镜:这次距上次刚过半年，两针就行，走前办的保险全用上了！ //@于本镜:又一次呀！还好不严重。 //@赵骋夫妇之昊游中国:回复@动力VS火锅:这几针下来，老哥百毒不侵，谁咬我谁疯！[抓狂]  //@动力VS火锅:继续打针[哈哈]
0,"[围观] //@CCTV-共同关注: //@天地一沙鸥_83147:[xkl转圈] //@蓝天白云悄悄地活: 杀人偿命！[怒骂] //@天地一沙鸥_83147: 听他说吧,静听 //@手机用户2917725887: 刘万权可以出来辟谣 //@天地一沙鸥_83147:你正确[xkl转圈]"
0,看到@陈坤 吐槽@冯唐 傲娇，想起曾找他要京城三部曲签名版，每次喝酒冯唐都靠谱的带来了，然后又不靠谱的送给了在座的姑娘。气的我在Kindle上买了廉价版，但一读《万物生长》发现写的真是好，心想还是得要签名版，扭头一看书架才发现居然摆了两套三部曲还都签了名，重点是我们喝酒时都发生了些什么[衰]
0,#美事偷着乐#你喜欢传统的冰糖葫芦呢，还是用水果做成的冰糖葫芦？山楂包着橘子的，超级好吃啊啊啊啊啊[泪]有吃过的童鞋么？（图片源于网络）
0,充分体会这我提前退休的生活，逛公园。遛弯。逛超市，排队买菜。[抓狂]为什么排队的不是我爸！因为我爸掏钱，算了掏钱的是大爷
0,在还没回家时，妈是[爱你]，在快要回家时，妈是[嘻嘻]，在到家那天时，妈是[哈哈]，刚开始的两天时，妈是[呵呵]，再后来慢慢的妈是[右哼哼]，想不出几天就会[怒]了吧.....(转)
0,//@和?娃神??避暑中: ??刷叔叔！香港都?看到放火箭[泪]
0,这孙子，没准比农民还土//@ZH爱如空气:[哈哈][哈哈]//@珠海狗司令:没上岗证的农民做什么？―答案：做农委主任！[嘻嘻]//@ZH爱如空气: [泪]@永川读本@泽亚哥@重庆人在北京 //@冰凌花天空: 打工不易，做农民更难！
0,喝高了，开始指手划脚了。[晕]
0,宝宝的床到了，灰常感谢春伯伯@keith_shen 。爸爸今天又要走了，有了这个小家伙就再也没有两个人的生活了[泪]只希望一切平安顺利，希望瓜瓜（我就喜欢这个名字） 健康成长[心][耶][太阳][奥特曼][酷]
0,市长夏天吧，药店碧莲！//@北京厨子: 作为一家企业，取水点受污染应该立即停水，并向公众告知。这他妈比的哪里还有一点点企业的节操！！！[怒]//@F-牧辰: 取水的水源被污染，而非处理不当。苯在水中除非是被强氧化开环，否则现有的常规自来水处理方法都无法对其进行去除。补药碧莲！
0,现场主持不停的发出高潮的声音，你是有多high[衰][衰]
0,love to be loved by you   n just one last dance两首歌入耳，竟无语凝噎[伤心][伤心][伤心][伤心][伤心][伤心]
0,//@懒陌//@大猫小猫中猫://@Stacey???://@浙江天之痕: //@ice--girl: //@Sjuning: //[泪] @pearl马桶里的鱼 : //@角落的倔强也微笑  :品:不亏咱中国国宝，真有灵性！！！觉得可爱就转发吧！微博热门话题排行榜，TO七--------一、日本9.0级地震二、福岛核电站爆炸三、地震寻人报平安四、央
0,尽做劳民伤财表面文章[怒骂] //@降临了:用筹来资金为当地建设学校、医院、养老院、托儿所吧，造福人民吧。恢复古城就是劳民伤财，滋生贪官污吏的无用工程！老百姓还没富裕还没有条件没心情穿越回到那个想象中的古代呢！官太爷们啊，人在做天在看啊！停止胡来吧，求求你们了！[委屈][抓狂][可怜][晕]
0,//@全球经典音乐:现代家庭十二怪。[衰]
0,畜生啊[怒][怒][怒][怒][怒][怒][怒][怒]
0,[衰]好完整的厨房日常清洁……偶要学习学习！
0,?然有Ferran Adria的名字??，Catalunya的tapas真的是[泪][泪][泪]
0,今天在路上的时间――6个小时，别误会，只是在北京城区里，连四环都没出……再次被事实教训，出门前一定要加好油…否则太慌乱…堵车的程度永远可以超过你的想象[抓狂]
0,//@袁腾飞: [泪]//@北海偏南: 哈哈哈 //@贺江兵:哈哈哈 //@钢铁侠:哈哈哈 //@互联网的那点事:哈哈哈 //@小天天:哈哈哈 //@老王:哈哈哈 //@魔力的真髓: 哈哈哈 //@酒徒am37: 哈哈哈
0,axure为毛不能保存功能？！我只想哭……[抓狂]
0,"爱失眠的朋友注意了,失眠睡不着不要再数绵羊了,欧美国家数绵羊是因为羊Sheep和睡觉Sleep音似,属于潜意识暗示.中国人只会越数越乱,我们应该数:水饺,水饺,水饺…我又困又饿,还在彩排[抓狂]"
0,你说，为什么媒体要写俺们破发？[怒]恩？那么多亮点，为什么要写破发？答：厄。。因为我们破发了。。[书呆子] //@i美股:Facebook 周一开盘即跌，截至目前跌6.88%，报35.60美元。//@i美股: 【Facebook盘前跌幅扩大至3.85%报36.76美元 破发】http://t.cn/zOPg1Lk
0,我认得爱美的腿//@彭彭1031：偷影控，有木有[衰]
0,回复@奶酪三明治:可以 十一世班禅还戴眼镜呢 //@奶酪三明治:戴眼镜可以穿汉服吗[失望] //@古风君:随手转发正能，英国晚安。
0,#噪音扰民#长沙市东塘宇洋东海楼盘大晚上施工，让不让人睡觉了啊[晕][晕]政府批准了吗[晕]@记者联合调查 @三湘都市报朱玉文 @经视直播官方微博
0,[泪]打击大啊！我的运动鞋和运动套装竟然被人当垃圾丢了[抓狂][抓狂][抓狂][抓狂]，在物质上我并没什么特别追求，独爱鞋子！鞋子你快回来[泪]
0,一早出门做好事结果又要迟到了吧[抓狂]心里想着反正和人顺路，讲又讲不清楚，那就带人走呗。结果对方一点眼力劲都没有，慢悠悠跟在后面，害我也不敢走快。。@金碧辉煌姚小六 @桃子的妈咪娜娜 今天姐夫在办公室嘛? [抓狂]
0,以前老去[晕] //@RexLee_BJ:[怒]转起来，这种店不能去！
0,//@吃喝玩乐IN上海:好讽刺[衰]
0,居然遇到个不耿直的不拼我打车票的出租车师傅。[衰][怒]
0,脑残老师！[怒]
0,这女的……未来堪忧！！！[怒]选谁不好！@我是梅干啊 @包子脸-默默 //@唐唐漫步云端:@BraveCake洛凝L @樱桃地主
0,勇哥您真会选，爱特这一组都是分别是选秀冠军 前四强 还有老是进不了全国决赛的[泪]//@何春勇: @刘晏辰 @朱杰Jeam @DJ孙小钱 你们得当心 //@亚枫:丈母娘难搞么？@猫猫的鱼eleven [亲亲]
0,还有下周一？[偷笑][偷笑]@霹雳霹璞  //@小虎吉:[泪]//@跳跃思维--忙碌的2013年: 不相信北京能到零下21度。
0,[晕][晕][泪]
0,[晕]甚至还含石灰等工业用料，这句亮得刺眼～//@楼小悦: [馋嘴][汗][生病] //@阿栋视界:爱吃零食的要注意自己的身体哟！！！
0,#美食光影#美国艺术家 Alan Sailer 使用自制的拍摄工具，捕捉了子弹穿过食材的瞬间爆炸，为我们呈现出这一美妙瞬间。[泪]这么多好吃的....瞬间就浪费了?好可惜呀！
0,[熊猫][衰][晕]
0,//@西安龙湖地产-金文:牛逼！好杂志才值得大家自掏腰包主动购买！我都没买上国庆的！[抓狂]
0,亲哥啊，是来回6个小时啊。[酷][抓狂]
0,不管你信不信，我真的有这手艺。 //@泥娃娃1002:大早起看 提神醒脑……[衰]//@筱古: 擦，边上的麻辣兔头谁啃的？！
0,哈哈我给你空投[嘻嘻][嘻嘻] //@张婷婷微话:回复@金牌厨师磊磊:宫保箩卜干不错，但没学会[泪] //@金牌厨师磊磊:我最近可残了两天没有吃肉肉了[泪][泪]
0,[哈哈] 老婆，看到没！！！！//@刘枫-刘念孙：//@北京电视台孔洁: //@刘颖浩楠一对一：说我呢… //@第25根烟:上哪找这么完美的银去?[衰]
0,虎口脱险！看着我的眼！看着看着就斗了。。。。[晕]
0,应该转 //@启贺: //@身-尘心空: [衰]大功啊[衰] //@廉者无敌-365反贪: 此贴不火，人间就没有正道！ //@TequilaALY: //@谁伴我闯荡2131: 转发微博。
0,[抓狂]//@摩羯座: [围观] 摩羯们，有木有？
0,#当小三的猴子#原来吴童鞋是假的，你猜对了吗？赵扬挑选的第二题是：猴子和我抢老公。你见过这么色的猴子吗？[衰]这母猴不仅对男性很感兴趣，竟然还公然和蔡女士抢老公！蔡女士忍不住抱怨老公对猴子比对她温柔。[哈哈]你相信有这样的猴子吗？
0,是从两车前开始，发现北京出租难坐的。空车少，拒载，挑活儿，动辄趸一张脸说不认识地儿，在严寒酷暑里杵半个钟头是常事儿。是什么，灭绝了从前京城一景：幽默、专业的北京出租车师傅？黑车价格更是几年间翻了一番[衰] //@HYF微博中:无
0,打开电视发现东方卫视毁完达人秀之后竟然染指了我最爱的so you think you can dance...我心里那个难受啊啊啊[抓狂][抓狂][抓狂][抓狂][抓狂][抓狂]
0,感动[泪] //@蛇蝎玫瑰: //@贪吃的dudu:/@铅笔小欣1058754912 搞来看看
0,对不起，不敢，16万啊，比你车都贵//@金百万: [衰]最近切糕很火啊~~
0,飞燕！！！喔唷，回去买材料。现在不减肥，夏天徒伤悲[泪]
0,赶上过年又是妈妈生日的时候，必须要显摆一下我琴棋书画样样都会点儿的本领呀 [哈哈][哈哈] 不过我可没有那绕梁三日，余音不绝的能耐[泪][汗]哈哈哈
0,求证！//@金微:吓。//@黄洪波2013:[衰] //@徐杰HZ:转发微博
0,[赞]//@行者哈哥: 真是乖娃娃，居然有人能下如此狠手[怒] //@高速上狂奔的狗:@爱之家动物救助中心 @行者哈哥 @大仙女罗? @好狗好猫流浪狗义工团 @第四城社区 @楚??
0,[抓狂][抓狂][不要]败！ //@爱戴Edell:叫你一块儿吃火锅你不来，你睡觉。害得我们三女人吃火锅玩3p。 ps：黄小蕾说他下次露za[哈哈][哈哈][哈哈][哈哈][哈哈][抓狂][抓狂][抓狂][抓狂]@黄小蕾
0,回复@刘春:春锅，冤冤相报何时了啊？如果我一咬牙一跺脚冲动的嫁给二狗后，咱仨就真的成了新媒体下诞生新组合#狗男女#喽[泪]三思啊！后果不堪设想... //@刘春:嫁给@孔二狗 ！！！ //@王兵的围脖: 早日嫁出去！！！[哈哈]
0,一个医疗报销分3月去了4趟！！！话就不兴一次解释清楚么？！下礼拜第五度造访，再报不了我就真成“bie”了[怒骂]！@狄村
0,我说我不吃，你非让我吃，而且以报效祖国相威胁，我只好在9：33再吃一块！[晕]
0,我不要帅，不要做饭[泪]//@肥天小飞猪:这个必须转@?翔的落? 你做饭的时候最帅喔！
0,传统媒体，情何以堪？[泪][泪][泪]
0,剩了点葱花，为了不浪费，专门搭进去一个鸡蛋，还现煮了点米饭，最终把这个蛋炒饭给吃到肚子里去了。――有感于某电商网站送我的那一大摞代金券。这是钓鱼，赤裸裸的钓鱼啊~！个奸商~！@milly777 我们应该抱头痛哭一场啊……[泪][泪][泪][泪]
0,大半夜，又烧了[泪]一个星期了，实在是抗不住了，亲和小枫在这里陪我打针，省人民医院，好想老妈，我需要关心和照顾[泪][泪]
0,下午困了上床睡了会，醒后下床直接晕的摔在地上半天起不来。脑中立马浮现该不会是自己得了一公升眼泪女主角那个病，并处于病情初发阶段吧[泪]！正编织自己得病后的悲惨人生呢，又发觉自己啥事没有了！爬起来洗把脸，顿觉神清气爽！看来摔倒唯一的原因就是：睡傻了......
0,两只小萝莉在分享自己的玩具装备，一个有魔法棒，一个有魔法盒。都是什么芭拉拉小魔仙？这也是位拯救地球的新一代英雄[晕]估计和美少女战士差不多？[疑问]
0,@可爱芸芸susie @A曼达Wang @低调滴乖女人 [泪]
0,我只看过中国的电视剧[泪]
0,脑子不够用不够用，为什么每个月总会有几天事情特别多，都攒在一起出现[衰]
0,今天穿着十厘米高跟，被很多人说了＂怎么突然这么高了＂[哈哈]主要平时不太穿高跟鞋。这周挺忙碌，要分配好时间。[泪]没空洗车，要过期了
0,"两会开完了, Gmail, Analytics, 等一众Google服务能TM恢复访问吗?[抓狂]"
0,好声音后面专访，被关?和金志文的兄弟情，金志文和金兰的爱情感动到了，正能量啊?[泪]
0,我真的生病了[泪]还要坚持工作[拜拜][悲伤][书呆子][话筒]看得出来我的难过么
0,这条幅好V587[偷笑]，终于有一张天猴儿的正面照了，等了好几天，容易吗我们[泪]
0,[泪][生病]
0,不会真的吧！为啥在北京都不下雨？免疫了？ //@可惜i是狮子座: [来][来] //@Wawa娃娃星球://@四V老爹://@全球热门搜罗:求来个巡回演出，给全国降降温吧！！！[泪]
0,真2B//@耳钉徐老六: [怒骂]//@小权-Gavin://@blink：[弱] //@周vv: 今后不上京东 //@互联网的一些事:可耻！！！骗用户时用几百万粉丝的大号，道歉时用150粉丝不到的小号！！[鄙视]
0,既然不爱，请还他自由。[伤心]
0,[怒][怒][怒] //@卜柯文:真是越来越没有底线了！[抓狂][抓狂][抓狂] //@Ming奚梦瑶:太气人了！人家工作辛苦已经很不容易了[怒][怒][怒] //@时尚抹布:你抵制我这个西安回民吗？//@牟磊:抵制西安。抵制兵马俑。抵制回民街。抵制羊肉泡馍。抵制biangbiang面。抵制西凤。 //@Alex是大叔:[怒]
0,认识好多年的朋友许久未见[泪]激动万昏，由宝马赞助的第三届中国最佳设计酒店颁奖典礼在半岛酒店轻松奢华的进行，还在思考住哪家五星级酒店吗？不妨考虑下精品酒店，参考外滩画报出品380页全彩收录超过150家大中华地区不同地域和特色的顶尖精品酒店宝典，一份文化和设计的感动
0,[泪][泪][泪]诶。。。年岁大起来，生活也逐渐步入正轨，还是不免有些感伤
0,病病痛痛你走吧，别那么迷恋我，我们分手吧。我们不合适。真的。。。[泪]
0,啊哈哈哈！治你的利器啊！[哈哈][哈哈][哈哈][哈哈] //@夜千night:[吃惊][委屈][汗][抓狂]@兔拉拉810 [黑线]//@BJ人字拖:@杏花天-小杏
0,是的//@乔阿优:这是真尤物[抓狂]
0,沙洗天空，瞬间手机屏一层土[怒]
0,@愤怒的大牛驼 @海?-oprah @九世矫情精 @游蝙 这个才是我[怒][闭嘴][鄙视][抓狂][怒骂][顶]
0,//@写意胡同画家-冯柯://@猫尔摩斯-猫王: //@且品且读: //@殷慧芬的微博: 他们喜欢锄草，喜欢寸草不留[怒]//@小众菜园:有树有草的天安门，多好！现在怎么拍都像景片//@殷慧芬的微博: 真实的历史沧桑感。//@小众菜园:很美
0,快乐就当下快乐?就喜极而泣?、让俺都? //@veggieg:孩子永远最当下~ sweetie cutie~[泪][爱你]
0,京伟女友好多[晕]
0,黑车司机这是要疯么？出租不到20的路程要40，有人整顿么？[怒骂]
0,回复@奎文区顾士将:谢谢 //@奎文区顾士将:付出就有回报。余师傅 //@梧桐小余:看来咱哥俩 的积累！还是没有白费滴[泪][泪]咱哥俩现在可以出去冒充一下专家了[哈哈][哈哈][哈哈][哈哈]
0,"微博有风险，发博须谨慎！//@玛都:低调闷死,释放快乐忧死.....终有一死...//@GDTV古一彤:回复@张迅铖:重惩之下必不敢为之~ //@张迅铖:拐卖小孩的都该凌迟处死就没人敢了[怒] //@GDTV古一彤:人贩子无处不在[衰]  //@我的Tina:无数删博中。。  //@曳斌Benny: ?有意想不到的事情。?之?亡，必有妖孽。"
0,晒太阳的豆子好幸福~今天北京的空气真是憋得慌……[泪]日晒法因使用自然阳光来干燥咖啡的果实和生豆，故又称“自然干燥法”。#2013CBC云南咖啡考察之旅#
0,超稀饭欧呀扣Don，一只想知道为毛叫亲子饭，是因为鸡蛋和鸡肉吗，好残忍[泪]
0,脱过水、被雨浇过、光源完全不规则，而且被狗追过半条街……[泪]
0,完全是坑爹啊 我昨天才知道可以用360浏览器刷票 可是，我今天没有收获！都这个时候了这么可能刷到！！ [抓狂] 明天就是决定我是去是留的时候了。 恐怕是要开始打算 回不了家 去哪里玩的问题了 [草泥马][草泥马][草泥马]
0,你买一种韩国婴儿洗衣皂，那个对屎很有用。另外，每次拉衣服上，赶紧就清洗，蹭蹭就干净，然后用开水再烫烫。你们说我这一天容易么？都说我俗，我倒是想走走小清新范儿呢 ，太艰难了好么[泪]。//@?奈姐姐：宝宝屎粘在衣服上简直要命刷不掉啊！求大美丽支招
0,[蜡烛][泪]
0,同学的妈妈乳腺癌手术一年半后又全面扩散。。病危。[泪]关掉手机也无法阻挡坏消息的传来。。艳阳天里心生悲凉。。。谁能告诉我点好消息。。哪怕是谁家狗狗又下崽了。。。
0,这家人家太下作了//@小丸子哈小丸子: 原来不是溅起来的，就是直接倒在孩子的头上，身上和我妈妈的身上！是剩饭，菜，肉，油汤的混合物！太恶心了！[怒][怒][怒][鄙视][鄙视]
0,#当爹进行时#天天睡着了，我把便当盒拿出去准备吃午饭，谁知就去洗了个手的功夫，一个不睡午觉的熊孩子打开我的盒子，把三明治全给揪出来当玩具了！[抓狂]
0,真TMD不容易，今天4点才下飞机！太害人了[泪]累，困，饿
0,都围观呢，叫救护车呀！软二挤公交的童鞋伤不起啊！//@鹭岛咖: [怒][怒][怒]公交越挤，司机更需要注意乘客安全，非得出次大事故才引起重视吗？尼玛！软二童鞋天天都得挤公交，假期归家前遇到此事，司机良心何在？[怒]
0,放心吧，美国绝对不会干预的。//@格瓦拉:[衰]
0,回复@韩玉hany:别提这事好不好[怒]！我用全部身家财产换了一个鸵鸟皮的钱包，我诅咒那个小偷一辈子不能性生活 //@韩玉hany:回复@我是徐峥:你让我送你那个鸵鸟皮的钱包情何以堪啊~~~[猪头]
0,"""碎片化阅读""拟或是""浅阅读""是阅读的悲哀还是悲哀的阅读?[抓狂] //@刘俊来:其实，我也只上了两年围脖，看到不少报纸和杂志上关于阅读的文章，大都是围脖上的“熟人”，曾感慨：碎片化阅读已然兴起。"
0,#最游记外传*萌芽之章# 尼玛，仓大这是要虐死我啊，虽然隔了快七年，还是被外传虐啊……前面还能忍，到片尾曲直接泪目，搞毛线都死的这么惨啊，不带你们这样虐悟空的[泪]http://t.cn/zOnYtO6
0,又去@ABCCookingStudio 上蛋糕课啦！这一次在制作的时候明显比一次要熟能生巧，悲催在最后一步往奶油上写字。剪的口太大，手还抖，画个心都费劲[衰] 下个月有松下电器xABC cookingstudio携手的“柠香土豆烤鸡&弗卡夏”圣诞大餐特别课程，简单好操作，#爸爸去哪儿#的明星奶爸不用再为做饭头疼啦[偷笑]
0,终于体会了，两天的会议啊[抓狂][抓狂][抓狂][抓狂]
0,[抓狂] 这个一定要转，深受迫害啊，出版之前都是加班到凌晨一两点[泪]
0,"法克好吃吧[抓狂]//@中非张逃:奶酪蛋糕还有不停的其他尝试哦，或许可以考虑有那个rooibos cheesecake [思考][思考][思考] //@JamaicaMeCrazy:[围观][嘻嘻] //@中非张逃:[给力]这不过就是我们日常的品质，哈哈 //@朱小漂亮:谢谢@中非张逃 @JamaicaMeCrazy ,来一杯小组聚起来~#from假期中的文艺白富美#"
0,//@中国国旅-肖素光:如果因不吃降压药，都会造成休克的程度，那么这位先生未免太大意！奉劝救命药一定要随身携带！[心]无论是否跟随旅行社出行，切记！[围观]//@陈晗5812:过度维权//@super大洋洋:别特么什么事都找旅行社赔偿[怒]
0,[抓狂][抓狂][抓狂]非常可恶！收完钱后，哪管洪水滔天！广州一些收费站撤销后无一例外依然保留这样的水泥墩！太恶劣了。希望更多的社会舆论关注此事，有同感的转！
0,我当年仲么没有这待遇？ [泪][泪][泪]
0,[衰]除了玩手机，废人一个
0,六月之前又要搬家，真烦。... 老天爷啊，你是不是把搬家这事当做苦行来对待那么爱扎根儿的我啊？[晕]
0,头疼恶心头疼恶心   来针鸡血  起床干活  可爱亲密的战友 你们是我的慰藉[泪]  来抱抱  [心]
0,家里的宝贝磕到了碰到了，心疼啊！别人家的小孩出事了，毛都不管。什么人嘛？[伤心][怒骂]岂有此理！！！！！
0,因为乔布斯休病假去了[泪]
0,一到这种天气、就觉得好压抑、不喜欢[失望]
0,20岁便成为百万富翁的秘诀！看完我哭了！[晕]
0,//@微博搞笑排行榜: 现实残酷[泪]
0,最近发现了一本设计方面的奇书~[赞]真的，名字貌似就叫天书，看完后瞬间觉得信息量太大，CPU被烧坏了。。。[晕]@文艺2012v @F-Designer-P @Zero_Ling哦
0,中午鱼刺卡嗓子了，去医院没弄出来，下午大口喝水，突然觉得刺下去，但为什么晚上又疼了，难道是发炎了？？？鱼刺大哥，今天七一，您老可不能让我轻如鸿毛啊？？！！！[泪][抓狂]我还要听周董新专辑啊……
0,[泪] //@卢中强:[泪]
0,回复@长发纷飞:看活动介绍。 //@长发纷飞:怎么才能被选入啊？我也想去西城考察团[抓狂][抓狂] //@黄玺赫:回复@北京旅游杂志:感谢！ //@北京旅游杂志:[话筒][话筒][话筒][话筒]恭喜您获得我们发现西城路线考察团第二名被选入团的达人！[鼓掌][鼓掌][鼓掌][鼓掌]
0,#果冻的微博日记# 假期第一天29度高温+5级大风～[抓狂]这天气太淘气～[酷]那也不能阻止我寻美食～[馋嘴]穿长裙出门喽～走起～
0,文慧一，真有你的哈！2012，我在法国。文慧，你听～～[泪]
0,一冷一热，胃抽筋了。[泪]
0,@海参2哥 亲爱的周末由于你的出差不能手拉手去找吃的，我内心悲痛地只能自我加班寻找人生意义了[泪]//@牛舌那点事儿:没想到，俺家的【红酒牛小排】还有这么强大的治愈能力，哈哈。
0,[抓狂][偷笑]
0,好好发微博不要卖萌 //@苏宁易购:老板说三年让我们卖600亿美的电器，这么便宜你们都不要，全都不支持我的工作[泪]//@小黎那只羊:不缺。 //@GReylOoNg:不缺。//@苏宁:缺冰箱吗？缺空调吗？缺热水器烟灶净水设备电饭煲电磁炉豆浆机微波炉电压力锅等等等等吗？#来苏宁抢美的#吧[耶][耶]
0,//@北京美食导航:艾玛没带伞。。。[泪]
0,#泰国之旅# 今天为了来缅甸边境，早晨6点多就出门了，一路山路开过来，我躺车上睡觉像大摆锤一样左晃右晃的[晕][汗] 热的快疯掉了[黑线][太阳] 在泰国和缅甸边境喝杯冰咖啡休息休息? [偷笑] 我在:http://t.cn/zT6qTUL
0,我要黯然销魂伤心伤情伤肝巧克力。[伤心]
0,啊～好快啊～都过了一年了～我好想去啊～但是现在是大肚婆～你们组织去的时候希望我已经生完了。。[泪]
0,"现在听到""东海防空识别区""这个词就想吐[抓狂][汗]"
0,混混噩噩加一天班，终于可以go home，终于可以觅点粮食，终于可以飞驰在三环上，擦，您就给我撂挑子，耍脸子，咱平时都是4S保养，原厂服务啊！你不能这么玩儿我啊!！[泪][泪][泪] 今天一定是诸事不易[泪][泪][泪]
0,熊猫晒依然很犀利[泪] [鼓掌]
0,别涨了！虽说去年底换的已经获利11.5%，但是但是换少了 [抓狂][抓狂]
0,第二波僵尸正在逼近?[衰]//@I_Tang_HuLu:快上来早饭。。一个人带太多面包目标有点大[黑线]
0,路面清洁[衰]路好滑 我在:http://t.cn/zWmAtot
0,[嘻嘻] //@Orchid?鸢:[怒]120.。。。
0,为什么不带我去吃啊[泪][泪][泪]
0,回复@野外的酒鬼:唉呀，那不好办了，三十二该抽一块儿了…… //@野外的酒鬼:三十二[汗] //@信浮沉:这就是你爹妈不对了，不能打击人啊，二十三还窜一窜呢，哥你多大了？ //@野外的酒鬼:回复@春暖江融:你是我嫡亲的媳妇儿吗！！！[泪]  //@春暖江融: 可怜了他这期待二次发育的孩纸~
0,[晕]制作工艺灰常好 //@邓飞:各地苦闷青年，请不要在河里井里乱丢私人物品，给社会造成困扰，好吧? //@北京晚报:太搞笑
0,120还拒收[怒] //@平安园区:你怎么看？ //@水月雪樱: 过分[怒]  //@湖东派出所:关注！小伙伴们表示愤怒[伤心] //@平安园区:120是在救死扶伤么？[伤心][伤心][伤心]
0,求谷歌不崩溃的方法[泪]
0,支持真理 拒绝脑残 //@小雅式采薇:生命都值得被尊重和救助，支持真理，拒绝脑残！ //@amber佳佳:这都是生命！我遇到困难求助是我的权利！得到了帮助我要记得感激！非常看不起只会动嘴什么事都没做过没脑的人 //@ST赔钱货:这是一篇找骂贴吗？？？？[怒]//@北京消防: 为人民服务！[赞]
0,最近一周工作效率很低[泪]
0,希望所有官员的儿子孙子都像毛新宇一样，高大威猛天真诚实可爱。//@奇迹在坍塌: 坏人 //@张醒生:迎完财神爷，该迎下一位了[泪]  //@青媒素:真是个美好的祝愿啊。[嘻嘻] //@中国之声智鹏:  //@Mandy萌: 转发微博。
0,"自从有了神马电脑,哥的才华都被淹没了...咋一听寻找写字好看的人,太激动了![泪]"
0,但是他们伙食不错 //@闪辰晖:说错了，是全世界最差? //@小谢宇:有一个@刘韬VC [衰]
0,躺着疼痛减少，头也不是那么涨了。。老妈说三根神经撑起一个头，现在一根神经上长着东西，又发炎了，等于废了一半。。成废人了。。[衰]
0,//@妖妖蔡小烦: 我觉得我以后也要小心！[泪] //@KC_zt:[衰]最近看了太多孩子电梯事故~~家长们注意啊。。坐电梯的时候抱起孩子吧... 大家转起
0,//@窝窝头的围脖: 西安，俺的第二故乡。思长安，心戚戚[泪]
0,我不开心[抓狂]，我要喝醉[抓狂]
0,珍爱生命，远离牛羊肉。炭疽来袭！！[生病][衰]
0,准备接下去#灵异的那些事#系列?咋样咩？ //@Emmanuel_Rossignol:[衰]王老师，你真是灵异体质啊 //@王路王大高:#旅途中的那些事#@Emmanuel_Rossignol @新民晚报新民网 @水瓶之光在唱歌 @失落的秋刀鱼 @乐游上海 @拉黑中国史第2季 @王小妹鑫 @TomBaiHaiLei @善意开花
0,回家一刷豆瓣，居然还有那么多批评的，居然还有觉得唱不怎样的，顿时觉得[吃惊][吃惊][吃惊][衰][衰][衰][衰][衰]
0,生病了[泪]快点好吧
0,[泪]最近怎么这么艰难???说好的木星呢???[泪]//@桃妈努力下一百: @霍小驰 互相拥抱吧 //@Alex是大叔:补充：太阳下周进入狮子座，不过与土星逐渐形成刑克相位，太阳、上升狮子座的人要多留意健康以及合作方面的问题，如果你身边有狮子座的好友（太阳、上升）且最近不顺，拥抱一下他们吧：）
0,越南在南沙群岛海域非法驱赶中国渔船，拖曳渔船倒行1个多小时。[抓狂]
0,看完有变性的冲动~~卫生巾伤不起~~女人们小心中枪[衰]
0,这个感冒把我给整个半死，进入第三天，挺不住来医院了，全身无力，头晕目眩，[衰][衰]
0,桌上厚厚的JAVA书啊[泪]//@豆豆徐晗: 但是为什么阿里巴巴集团下还是有那么多的剩女捏？
0,这一夜、胃像漏了一个洞。绕热的刺痛感。整整折磨了我一夜。[泪][泪][泪]我这小身子骨呀！刚刚开始接商演代言、肠胃又开始折腾我了。[泪][泪][泪]
0,[吃惊] //@湘潭陶奕://@依旧2007: 太可怕了[汗] //@龙儿乖乖05:[吃惊][话筒]//@武汉-田力: [怒][话筒] //@于建嵘:紧急呼吁！月光一刀是免费午餐凉山志愿者，是个稳重的人。
0,我基本上做完一次大的设计版本就会生病一次[泪]
0,完了完了，都有，还是没觉得幸福[泪]
0,Summer同学办事细致极了！感动[泪]
0,争分夺秒，来去匆匆...上海，武汉[嘻嘻]武汉，上海[泪]带来一堆疑惑，带走一箱#周黑鸭#@蕾女心经 我在:http://t.cn/zjM2MH6
0,[怒]//@吉祥天女任轩萱: 沙杀杀杀杀[怒][怒][怒][怒][怒] //@侯宁:恶贯满盈！[鄙视]//@距离因交流而拉近: 丧尽天良//@张晨初艺术空间:[怒]//@樊德安: 毙了！[怒]//@监政铲腐: 转发微博
0,亲们，聊high了？[晕] //@鲁浪浪01：能搞个现场连线的环节么？！[泪] //@贺霄：我百分百眼泪hold不住，纸巾算你的[挖鼻屎] //@youyoujill:亲们！荡定！都给我hold住！ @蛋壳资 [酷] // @贺霄 ：回复 @蛋壳资 :我懂了，南方代表，侬好伐[哈哈] // @蛋壳资 :我也有???！[害羞]
0,[衰] //@微博小百科:最适合十二星座一起慢慢变老的星座[心]
0,可是我是多么喜欢泥土的芬芳和阳光的味道……[泪]//@热门时?潮流: 震惊了
0,我天，@切总 都收徒弟了，这个世界???????????太疯狂了[晕] //@弹弓2000:[酷][酷][酷] //@切总:江山代有才人出，@?丝厨房 有传人！[鼓掌][嘻嘻]
0,飞机再次延误，我被滞留了在上海，何时起飞还没确定，为什么受伤的总是我？！[泪]
0,全趴后只有论文就还有感冒陪伴我跨年…哭哭[泪]
0,也没信号了，我就跑进doota买东西了，有点沉，拿不动了。一个人在异国，想家。[失望][失望][失望] 一会回去洗洗睡了。大家晚安好梦咯！
0,哈哈..伤了也得起~有木有！！[冒个泡]  //@MLTXJ:[泪]  //@何雯0312:这必须得顶啊。@MLTXJ  @宫明月  //@伊比利亚火腿:我擦[吃惊] //@小女贼蔡佳佳:这谁写的，很到位有木有！！！[泪]  // @华十一 :[衰] 乐在其中。[委屈]
0,[围观][怒] //@老孔-约克豆壳儿:必看啊！ 看国内医院如何毁了孩子的身体。@乐馨 @济宁台安舒 @许子嘉Robert @yananuk @MissDD @济宁晚报 @没空0310 //@任志强: [怒] //@北其村:医疗问题。
0,胎记又出现了，暑么情况[抓狂]
0,一点也不期待。。。。[衰]
0,[衰][衰][衰][衰]我有不祥的预感[汗]
0,猪头………… //@王丽_Umi小?:?於不用每?月疼了...[晕]
0,美女姐姐别怕！[晕][害羞][吃惊][偷笑][衰][挖鼻屎]
0,回复@娜写小日子:我自从考完证后就没深潜过了[泪]…说多了都是泪…//@娜写小日子:回复@Viola_bv:是啊，快来啊！
0,小猪最帅气的事就是叼块红鞋垫往树林里钻[猪头]//@紫服青冠:[哈哈]有人写游记真开心，不用自己动手。[衰]能不能多说点小猪帅气的事情，糗事就不要拿出来公开说了……
0,[怒] //@猪猪家的海灵diver:明抢啊//@知己知几:我能说脏话么？
0,哈尔滨又下雪了……冬天不下雪，春天不停下…[泪][泪][泪]
0,//@李幸菲://@三摩地帮主:@中国工商@上海工商@上海美食攻略 //@海洋Vicky:机场卖的东西可信嘛[汗]//@鹏的莹:@ChefAlanYu @北京号外 @北京热门 @大众点评?上海美食 @刘小懒 @现代可汗 @光头陈庆 @勤劳的工作狂 @西餐侯老师 @韩姐教你下厨房 @?? @每日维他命Beijing @维他命羊 @魔都生活圈 [怒]
0,去香港搬砖，端泥的有木有同路滴……[泪]
0,哦，缺 德国人，德国躺着中枪。 //@宗贵升:这些人有车……大多也受过教育 //@明心草:在这里能体现文明否。我们喊文明、评文明，但很少文明。 //@宗贵升:基本的东西还差很远 //@岳培业:素质在这里已经打分 //@蓝启人art:[衰] //@孔健祥林:自私自利缺德国人
0,康复记录。前天训练过头，导致昨日过于疼痛，停止训练，发现拉直的筋又缩回去了。今天继续。//@老花眼看天下: 经过每天下午和晚上的屈伸练习，次日上午必是疼痛难忍，胳膊不像是自己的。再两周能熬出来？[晕]
0,我好像没吃过，看起来很恶心，转一下提醒身边人。 //@Hollym:什么？！ //@丰天艳: 突然觉得自己能活到现在真是不容易！ //@dd妞儿-缇娜和emily:我彻底可以减肥了  //@警察方明:又来了！[衰]
0,哈哈哈哈哈，你有过吗？ //@Chris小灵:[泪] //@嘻嘻爱美丽:[哈哈]
0,是啊...我该疯了...[泪][泪][泪]
0,#80公升极冷寻暖#怀念牙克石的雪糕了！不过那边的冰糖葫芦却是不敢恭维啊[失望]
0,A BATHING APE 推出圣诞限量特别版！！[吃?][?你] 好想抱它回家喔[抓狂][花心]
0,回复@赵宣Nemmmmmmo:大概都是亲自来拆穿我的……//@赵宣Nemmmmmmo:卧槽被拆穿就被那么多人排队了好吧，每次去前面排上百号人，赶紧散了我好尝尝啊//@雕爷:糟糕，原来雕爷牛腩已经被“拆穿”了！刚刚宣布盈利，就被“拆穿”，好狼狈~[泪]
0,时间怎么过得这么快啊？! 明天又是周一了[悲伤][悲伤][悲伤]
0,树欲静而风不止，子欲孝而亲不待。[泪] //@山东电视台邱实:又到十一，明天回老家给父亲上坟。[泪]
0,哈哈，不绯闻，无营销！//@星硕-袁学娅: 你们将故事的能力不如桔子啊[泪]//@山时水尚:而桔子的启示源是@山水时尚酒店 ，2014年我们将有超越时尚的最新潮牌问世，敬请期待！@蔡海洋-中青旅山水酒店@老路已老 //@戴斌_旅游: 2013年底写酒店产业评论，以＂时尚＂为主题，桔子是启示源之一。
0,我的背莫名奇妙的肿了一个大包~~还疼得要命~~~我该去医院挂哪科瞧去？[泪]
0,为么刺激我，偶这月也爆了[泪]
0,我想说。。。。。。。。。。你呢？//@实用小百科: 你妹~[怒]
0,真揪心[泪][泪][泪]
0,回复@夜幕下的梧桐雨-FAN:咱们国家在这方面的教育很缺失...你可以做个调查，国内的性教育是否都是从日本的A片学来的？[哈哈] //@夜幕下的梧桐雨-FAN:世上的奇葩女子越来越多呀，孩子生下水道就不理了[吃惊][吃惊]当初怎么学生理卫生的，这么没责任感第一时间应学会避孕[怒][怒]
0,月运赞就一个月天天顺吗？你也知道这是美梦了！一个月中大顺半个月，小不顺几天，几天平平，这不是人生真相吗？//@金木糖主1219:苏珊大妈的2月运势咱大处女不是很赞的吗？怎么这儿看着不咋地呀[晕]
0,听奶奶说，现在叔晚上都睡沙发，他俩人都打呼噜，吵的逃逃总哭，委屈孩子了，这么大的噪音[抓狂][睡觉]。明天去不去看看他？没事就去，要不又是很久不见
0,举手 //@张楠w: 期待#旅游好声音#第二季 @Jun_行走 @韩维屏 @杨晨 @杨宇 @小段公子 @开心果蕾 @韩维屏 @amy苗苗 @北京鸭脖 @lisa诸葛 @孙丽婵 @李晓楼法国旅游发展署 @vivi微微 [抓狂] //@小段公子:都是好声儿，没看出不同啊。[汗]  //@
0,此处省略10000字 //@小缺陈:这些人真的就没有良心上的哪怕一点点不安吗？？？！！！这是生命啊！可是，那些可以讲得清楚事实经过的人们，为什么没有人出来制止呢？？？！！！ //@some-fine-things:[怒]  // @芳草七七 :// @柯蓝 :严惩！！！天谴！！！
0,我又饿了，我还减肥吗？[悲伤]
0,今天收到的10块钱，钱到是真的。但是上面的字。。。＂*%#＂真是无处不在。[打哈气][怒骂][思考]
0,严重逆生长了，心里放几件事儿就烦，有点hold不住状态鸟，急需鸡血！[抓狂]
0,an的亲娘四舅老爷，两万5的长征都快都完了才找到你。真不能低估动物的智商，知道往阳台爬-逃生，害我满屋子的折腾，真是不听话呀！[怒]
0,莉香和丸子在东京街头相遇，丸子只能看她转身的背影，我社提供往返机票含税，大床房，希望新东爱中丸子的莉香笑容永远灿烂！//@kingwow:东爱啊，好期待 //@Y小姐想整牙:[抓狂][抓狂]没钱没假期 //@椭椭爱吃鸡腿:@TAO是饕餮的饕 @杭州中中 @Y小姐想整牙 @叶小懒懒 好想去！！就噶基！！！！
0,三杯鸡尾酒，您的了[赞]国安必胜[鼓掌]//@赵小超儿1986: [怒]二比零！国安必胜！
0,我能说脏话吗？F-U-C-K这帮王八蛋//@陈业文新大都:如同曾经的计生委和落实户口关系一样，只要手中有权，一切都可以用钱解决。抑或相反！每一寸肌肤都腐烂了！[衰] //@水陆橘洲: //@红尾黄花鱼:猛料！ //@陆亚明:这些畜生！原来是绑票、撕票！不得好死！[怒]
0,[泪] //@钢子001微博：转发微博。
0,早上和驾校师傅，吵起来了，态度特差了，交规资料考试都过了还没给我，教车路上总是约麻将，吃面，吃早饭，占用双休日班的宝贵时间。果断投诉换了个师傅，。篱笆驾校真是不靠谱！[怒][怒][怒]
0,必须信啊，了解后你们就知道什么牌子的洗发水儿?????????????????坚决不能买了[泪]
0,无锡的朋友们要小心了。[泪][泪]@Anson_高佳俊 @爱吃的Tracy @景心依然 @无言而吴语 @沈笑旦
0,回复@新密同城会:新密君！你若当1，你让一直深爱我的@洛阳同城会 洛阳君情何以堪????????[深夜同城基情大曝光] //@新密同城会:如果郑州君是0的话，那新密君来当1吧[偷笑] //@郑州同城会:小微！同城君我的第一次就是个0????都不能是个1么[泪][泪]
0,肿么都要疯呢 //@懿言懿行懿德:财色全留下！[泪]
0,[鼓掌][鼓掌]了不起的娱乐先锋团队[给力]//@空洞的虎牙: 青葱岁月啊[泪]//@xin_may: @杜老爷01 @怪人林洋1979 @侯??? @黄珏JJ @霍小刚刚 @金斌kingsley @金若男 @空洞的虎牙 @老柳Andrew @两个瓶子叮当 @绿绿荔 @飘飘叶520 @天工话事人 @VVuTing @王健_Alan 很有感慨，一群牛人当年做了一串牛事
0,刚刚经历了人生最紧张的一次考试！！交规考试考到一半时就把错误的机会给用完啦！再错一道就得出局[失望][黑线]哥们愣是坚持到最后以90分的成绩顺利过关！有时候，将将及格比100分更令你兴奋，有木有？[嘻嘻][威武][花心][鼓掌]
0,在出租车上，听某广播！主持人说：携程航空你好！[衰] 我在:http://t.cn/z8pYVit
0,好像心情比较低落的时候，我会想到微博！不想让太多朋友们看到，但又想发泄！这里不错！我很不开心！非常不开心！各种不开心！[抓狂][抓狂][抓狂][抓狂][抓狂][抓狂][抓狂][抓狂][抓狂][抓狂][抓狂][抓狂][抓狂][抓狂][抓狂][抓狂]
0,//@Ms茉沓沓:[怒] //@Lucc_XP: 转发微博。
0,葛优代表精英阶层的睿智，黄渤代表?丝人群的狡黠！葛优的时代谢幕啦，黄渤的时代也不会太久！很快90后的代表该粉墨登场啦！[哈哈][泪]
0,太气人了！1岁半不抱着还搁电梯上！我上次还看见一个家长带小孩坐地铁刷卡时还玩手机，也不抱着，小孩被夹了！这些人根本不配做家长！[怒][怒][怒]//@Sugar芒果小奶昔: 荒唐！大人是怎么照顾孩子的，让孩子就坐在电梯上！！而且腿断了还不好好扶着孩子让孩子再次坠地！满地的鲜血就是狠狠的教训！[怒]
0,爱学习的好孩纸啊！[给力]//@鲤鱼小姐再忆: 话说我家附近有好多植物，从小我就喜欢摆弄它们[偷乐]可是，直至今日，还有好多小植物的名称我都叫不出来QAQ好郁闷[衰]《欧叶教你认植物》这真是予我的必备良书，好机会快教我。[bm可爱]爱生活、爱植物。必须地！@smile刘小小 @时光豆籽 @光若无影
0,困啊[困]，经理带着一帮酒友在他办公室聊天，已经聊了仨小时了[抓狂]，什么时候才能走啊。我困得跟什么似的[睡觉]。
0,#北京突发提醒#【国贸附近上班的亲们注意了！！！[衰]】@小手冰冰凉凉的：东三环京广桥附近的写字楼，刚刚大厦物业的人来通知，最近少数维族人组队大白天在楼道里抢东西[怒]，之前是偷，现在明抢了。。。想问问还有没有天理了！
0,明明20分钟的道儿，都一小时了，刚走一半[怒][怒][怒][怒][怒][怒][怒][怒][怒]
0,【#天天向上#本周预告】@jasonchenmusic 拥有好声音的陈以桐，来到天天向上做客，要唱多少歌，才能够呢？？~~好像唱多少都不够啊！！[抓狂]~~明天要好歌不断啊！！！！It Will Rain-Jason Chen 高清MV-音悦台 http://t.cn/SfWAgZ  （分享自 @音悦台）
0,没发东西没发钱，啥都没看到[怒]
0,昨儿 热水器突然不大火了 各种试都不行 俺们只能用用冰冷的水洗锅洗碗洗水果洗自己 今儿 师傅来修了 一下就打着了 说根本没事儿 [抓狂]
0,右边这亮口子够逗的，大周日的没事干，搁家打孩子玩儿。//@支付宝:揍他，揍他，揍扁他[拳头]//@阿里小微: 2个月就发一条微博？？？！！！把脸凑过来，我把你打成月亮！！！！[怒][怒][怒][怒]
0,天寒地冻的晚上，妈妈给我送水果[泪] 世上只有妈妈好，有妈的孩子是个宝。
0,//@作业本: 求先别去。[泪]//@胡洪侠: 转发微博
0,才知道想念是什么味道[泪][抓狂]
0,不要脸的[怒]
0,哥要挺住！[怒骂]
0,//@patrick__王_NEVERNEVER: [衰]
0,我要去，我要去[抓狂][抓狂][抓狂] //@姜楠KarenJiang: @熊丽电台 [抓狂][嘻嘻]
0,可恶啊！岂有此理！吓人啊！两只小强霸占了我的洗手盆[抓狂]，逼不得已，给她们好吃的[偷笑]
0,不断被噩梦吓醒…醒来发现发烧了…[衰]
0,笑不出?[哼][怒]
0,不错啊[good]//@突破迷糊:[泪]19个啊//@胡爷-信步人生:任重道远啊！
0,全该杀[怒]
0,回复@作家编剧-赵湘华:是啊，不醉不休！[馋嘴][抓狂][汗] //@作家编剧-赵湘华:[干杯]一醉方休？？
0,我在这里: #腾冲和顺古镇# 第一印象就是坑你大爷[怒骂] http://t.cn/SfkaLq
0,回复@自朕登基以来:转 //@自朕登基以来:据说，秦火火进去后必群老先生曾打发律师前去探望，并顺带一本《刘胡兰》让其研读……结果律师回来后大骂不止，说那货比竹筒倒豆子还加三分，恨不能把转世前的事都说出来，搞得人家记录的警察多次提醒让说慢一点……蛮子听了后连说了三个卧槽……我命休矣[悲伤]
0,[哈哈]我跟大！。。。不过，很糟心，他应该付得起一千万[抓狂] #找乐儿的中国苦逼#
0,「小广告」。。绝对是中国特色的牛皮癣！无语了。。[晕][晕]
0,天寒地冻的时候即将到来！冻未着⊙o⊙[抓狂]@五明品出个辉太郎
0,刚上一天班办公室就乱得底朝天了，我真的很忙好伐[晕] http://t.cn/zWGx8bl
0,什么状况，航班还没有推出[失望]
0,"回复@林湘平:嗯 正如我们都是为大项目而生。。哈哈 加班吧你！ //@林湘平:回复@玉珠子:我们都是为了大项目而死的！ //@玉珠子:感冒,熬夜![泪] //@简单杀手:@马儿太弱童 @草莓毛毛猪 @我是Q考拉 [熊猫][熊猫] //@逆流的鱼WAW: @Kungfu_Panda_fu @程序员小强 命是自己的，钱是别人的"
0,iphone 5支持TD-LTE 4G不？要不又得换机子吗……[泪]
0,三月不减肥，四月徒伤悲，五月徒伤悲，六月徒伤悲，七月徒伤悲。。。[泪][泪][泪][泪]
0,哈哈哈，在家猫觉吧//@ourwlife：//@胡蝶-：王胖胖，你今天焦虑了吗？[抓狂]
0,中国股市一泻千里，短期内难摆脱颓势[衰]
0,漠视隐瞒民众生命挽救政治生命。我艹//@潮商老邱: 十几个饿了两天冒险涉水找食品的溺水者。这是天灾还需要瞒什么？//@潮商老邱: 蓝天救援队在灾区看到的实景，当地政府还要隐瞒什么，[怒] 扩散，政府救援无能，@广东政法 你好好看看，@全球潮汕 @苏湘迅 [怒]
0,大半夜才看到~~泪撒……[泪][泪]……天天家族和天天兄弟也会一直一起的~~[心][爱你]~//@钱枫oscar: 永远的天天兄弟！[泪]
0,#行摄的灵魂#最怕在这种小镇看到那些没有顶，或者帆布顶的小车啦！这意味着吃饭很贵！到街上一转，果然惊呆：随便一个汉堡套餐8―13欧！[抓狂]真想掏出俄罗斯军刀划一下车子的帆布顶…土豪呆的地儿…[泪]#重返战地#中东之旅约旦Petra 我在:http://t.cn/8Fks6Bt
0,[汗] 全身发热...一直冒汗...一直要喝水...老子是有多热啊???==||| [抓狂] 现在是冬天好不好???老子到底是怎么了?????==||||
0,[泪]下辈子若是女孩纸就算不读大学也不学理，更不学那坑娘的数学类的 //@arrcmis:[泪流满面]往事休要再提。。我要变身文科女生！！[偷笑] //@sunshiny韩蕊: 果然是精辟呀，理科女生[泪流满面] //@味小精小蟹: 理科女生！ //@实用小百科: 有梦想，一起二！
0,[嘻嘻] //@纯文字笑话:段子挺有意思的[心] 配图全是绝色美女啊[抓狂] [花心] [花心]
0,[害羞][抱抱]谢谢第一个祝福???? 抱住蓉儿~！咱们好久没见了哇~~！[泪]
0,周末又到，几年光景，大家各有各娃各有各忙各有各局，那些举杯换盏聚餐之后，打八圈到夜深，喜笑怒骂几近扰民的青春岁月，一去不回了[失望]
0,[泪]//@祝小青: 深深同感。
0,周末集中见宝宝们[爱你] [爱你] ！F大人和娟的洋娃娃宝宝好重好胖[哈哈] 潇风小朋友睡着不起呀只能看视频啊[泪] 美女妈妈风采依旧，帅而酷的爸爸怎么变的儒雅了？ Jimmy的宝贝儿子美貌惊人，堪比泰勒当年，秒杀众人！快抢啊，赶快订娃娃亲啊[馋嘴] 还有好久没见的好朋友！周末过得惊心动魄，开心！
0,畜生 //@SK-平谷大桃是国安控:[怒] //@?国安_侯12控-雅?: 畜生 //@sail学无止境: 建议恢复凌迟专门对付这帮畜生！[怒]
0,明天就除夕了，压抑又压抑的思乡之情还是禁不住从心底迸发而出，想念着所有的亲朋好友。。。想念着火锅小面豆花饭。。。想念着被两江环抱的那座山城[泪][泪][泪]。。。
0,中国在上面排在第92。[怒]
0,射手玩不转游戏[晕][哼]尤其动脑子的
0,我们就是狐?，快上菜！[酷] //@张路Sunny:好想在动物园找份工作啊！！！[泪][泪][泪] //@王茜茜cissy:萌死了[哈哈]
0,本以为这么多天了，总要理出头绪了，谁知越调查越扑朔迷离。[晕]
0,缺乏实力的电视台被兼并重组或者被市场淘汰，马太效应越来越严重，电视媒体，体制不改，不重视运营只有陷入死角。//@裴康晨:@媒体价值网数据发布：电视媒体雪崩时代即将来临[衰]，您准备好了么？[转发]@梁爽不凉@彭肖肖@犁犁w
0,//@东尼大木-本人: 谢谢。感动了[晕][爱你]
0,#比如唠叨与琐碎#下午喝了两杯浓茶 现在彻底睡不着了…[泪]体质跟心情一样敏感 躺着幻想很多永远都不可能发生的场景 自己哭自己笑 我靠幻想就能变换心情～好吧 等着天亮 然后跟这个残酷又美好的世界道一声早安～[月亮]
0,静伫窗前，携一缕清风，邀一轮明月，看着窗外大雨如注，静静地享受这份恬静。我又再次失眠中[泪][泪][泪]
0,是时候攒钱买条船了，北京戏水乐园，真好玩[哼]大雨赶着上夜班的伤不起啊[泪]
0,谁都不会陪着我们生，也不会陪着我们死，但是，可以一起做一些美好的事情，趁活着~//@王磊Leon: 回复@im-sammi的大条羊:如果灾难真的来临，不知道我们的＂总统＂会不会与我们同在！ //@im-sammi的大条羊:最爱我以前没看过这片也挺绝望的[失望]
0,回复@没事的都听你的:有苹果就有阳光了？//@没事的都听你的:回复@晓宇--li:我没有苹果呀！[泪]
0,【今晚奇人】于琳琳的“护花使者”来自外太空？！原来她的护花使者都是变形金刚~从大黄蜂、擎天柱、威震天到幻影……帅气的造型，霸气的POSE，各个有形有色~[晕]想要一睹为快，就锁定今晚江苏卫视非常了得~22：00等你来看！
0,。。。。。。我通常说你放屁[晕]
0,完全沉浸在歌声里了……//@大牌遇见好声音: [微风][微风]//@那英: 第一次被听哭啦～[泪]@李泉James ～你行不行啊！被你唱哭啦！啊～～～～//@新浪娱乐: 音乐才子@李泉James 希望分享内心故事~[微风][微风]
0,#目的地#【中国“百慕大”四川黑竹沟】黑竹沟位于乐山市峨边彝族自治县，沟内高山众多，有云海、佛光等奇景。但当地人称为死亡之谷。[生病]1950年，国民党胡宗南残部30余人，仗着武器精良，入沟后无人生还，也有人携带8个指南针进内却全部失灵。当地彝族祖训曰不得进内，否则遭灾！[衰]看图景色好吸引
0,#沃阁早新闻#日本#不老仙妻#水谷雅子是一位不折不扣的家庭主妇，近两年在网络上不时被提及。网传她在日本某杂志举办“美魔女”的千人海选中，她凭藉着亮丽的外表脱颖而出，一举走红。43岁的她，还育有2个小孩，而且大女儿快要满20岁了。[晕]这是吃了仙丹么！！小编凌乱了…乱了…了…
0,必转[怒]  //@刘旗辉:转发
0,?物有?！孰能?情？ //@虹盒子://@爱TA生命皆平等_抵制玉林狗肉节: 动物象孩子 //@索师-抵制玉林狗肉节: //@Sirozhou-抵制玉林狗肉节: //@跪拜维大人or//@海口老徐: [泪] 那些吃猴脑的人该下地狱 //@SL黛西: 哭了? //@马小兔爱徐腹黑:在国内好多动物在受非人待遇，很多人没意识到它们也有感情[泪] /
0,哈哈哈~我要笑死了，亲，你们是专业滴~[偷笑] //@宓窈:明儿好好伺候着哈[嘻嘻][嘻嘻][嘻嘻]//@oO爱睡懒觉的猫: 明儿个从伴娘降级成宫女了！！！[泪][泪][泪]
0,这几天只要出去开会就下雨[泪]~~今天可是没车也没伞，一会儿看你怎么办[悲伤]~~
0,@全球儿童安全组织 [怒]//【被挖眼男童确定永久失明 嫌疑人可能为一名外地口音妇女】记者了解到，男童目前无生命危险，但已确定永久失明，被发现时眼角膜失踪。该男童是天生唇腭裂患儿，父母是农民。据孩子自己描述，嫌疑人可能为一名外地口音妇女，警方请群众积极提供线索。大家扩散起来！by@中国之声
0,[怒]创意无限呀！//@米珍珠: 收门票，逢年过节再涨涨价，创收啊//@阿铁钴镍铜锌:是8是，以后徐家汇要圈起来，买票进场？ //@米珍珠:。。。上海的4A5A都那么的雷人
0,有时候媒体的介绍不靠谱[泪] 爱你的咖啡豆248
0,菊花不保啊这哥们 //@滕飞-小喵的ET:啥时候扔个相机啊？[偷笑]@小V说 //@??程zhpenn: 回复@TDK大饼小将:100?[挖鼻屎]其实有人要管我一个月饭或者买个镜头换拨片[偷笑] //@TDK大饼小将:我出100买那个拨片！！！！[泪]
0,#泰国之旅# 瓦洛洛市场是清迈最大的传统市场。里面卖的东西应有尽有。从特产小吃蔬菜水果到衣服鞋子生活必需品等等? 最下图的虫子，你敢吃吗？[汗][偷笑] btw，我紫外线过敏，脸被晒的起了红点，额，一查询是多形性日光疹，我崩溃了！[衰] 第一次?这又是第一次知道还有这种病。
0,最近我的工人们太幸苦了，昨夜，烘干房我值班，蘑菇没干我快熟了！[抓狂]
0,昨晚和老公去看电影《机械战警》，英文版的，前半场老公跟我看着，后半场在睡觉，散场就醒了[黑线] 出来已是半夜，打不到车，索性和老公压马路，不知不觉走了俩多小时，看到繁星点点，心情大好，到了家门口一查天气，又是重度污染[晕]把口罩赶紧带上，直接进了家……
0,回复@Kenstephen:你自己都说准了 哈哈 //@Kenstephen:怎么这么准！！不带这么玩的！！[抓狂][抓狂][偷笑][偷笑] //@ggvses:@Kenstephen 没跑。。。[哈哈] //@吴琼_dmg:@硬件学堂 [挖鼻屎] //@ZZ郑重: @洪琦_汽车之家 ……
0,哥，没记错的话应该是第二张照片内小纸！[挖鼻屎] //@强子哥哥:敢打我？谁呀？谁呀？[怒]
0,中间那是什么水果？ //@TIMEOUT城市指南:[泪] 我们的也在不断涨价。
0,//@星座宝典: [泪]
0,[抓狂][抓狂][抓狂][抓狂]脑袋突然短路了。
0,[晕][晕]//@钱莉芳: 高潮迭起精彩纷呈！想不到有生之年还能看到一出不脑残不装逼的国产律政大片……
0,也是我家乡～～～//@吉普妹7726://@bosterliu://@唐蕾小酒馆:先是彭州如今什邡[衰] //@黑子张骏: //@weixiaoping的空间:四川掌政是怎么啦？ 彭州、什邡、……总在百姓人居条件稍好的上风上水位置建大型化学工业？天府遭人祸！@黑子张骏 @陈智林
0,//@艺人郭晨: [哈哈]//@王?瑜:[衰][笑哈哈]
0,昨天上午 在官门口 小吃街走失，尾巴和四脚脱毛 非常乖 [泪][泪][泪]三个月大//@曼皓睦晓:如果有人看到快回复微博吧，谢谢！希望豆豆早点回家??????可怜的小家伙
0,今晚和@袁菲老姐隔空互诉衷肠。我眼中的她，她眼中的我。翻了好多高中大学时期的合影照片。好多感慨啊。[泪][爱你]
0,回复@新岳-四轮时间背包客:很惨痛，很狼狈[怒] //@新岳-四轮时间背包客:这样的工作状态可不好，看来还是要想办法让大家玩儿起来，而不是被拍摄对象打败
0,名古屋今天“春の?”[下雨]，各位出行要注意哦~ 大风加大雨，难得的周末有些可惜呢。[失望] ちなみに、小编已经买好了材料，在家做饺子啦。[ok] 大家今天有什么安排吗？
0,[晕]我还多爱吸
0,太血腥了[衰]
0,//@素朴儿: 这是真的？！//@小浪: //@李雪明: 看看最nb的产品经理都在哪里？ //@来去之间:用户体验牛爆//@老玉米农场主:谁要动笔意味着反对或弃权，这个厉害[思考] //@水洋:确实。并且是全额选举。[衰] //@天文绿蛇:空白的填涂里只有反对和弃权，谁要动笔了意味着他投反对或弃权……//@头条新闻: 转发
0,这招不好使呀，牙齿都受不了呢[抓狂][馋嘴][哈哈]@菁制美食
0,太坏了！[怒]@动物保护
0,[威武]“快乐家族”著名主持人吴昕今日光临雕爷牛腩…[委屈]且又是在牛腩君毫不知情的情况下…签名…合影…都木有了。[失望]雕爷牛腩总是明星云集，就连牛腩君现在都习惯了…“错过”！[泪]
0,回复@Quinnran:照了，可惜下雨没拍外景，十月补拍！[抓狂][抓狂][抓狂][晕][晕][晕] //@Quinnran:照婚纱照了吗
0,这架势，不把蒙牛搞死誓不罢休了。 //@麦可李:[怒] //@Young洋洋洋: @陈恒V @耀增 @睿俐 @小房子wuchunli @秋实_julia //@徐进andy: 触目惊心[怒][怒] //@舞飞-吴倩:@徐进andy 你看看吧！ //@SunnieSH: //@戴维周某某: //@Iam女兆斤欠:转发微博
0,我?定?你? @口?他姐 的小跟班， 如果 @林七盟主 ?了我 [衰][衰][衰]
0,[衰]→ _→ //@一毛不拔大师:没错，这么大雾霾怎么可能看见，转发过500次就能把楼主抓起来啦[鼓掌]//@和菜头: [鄙视]污蔑！这是污蔑！//@一毛不拔大师: [衰]//@韦恩卑鄙: //@粽粽粽粽粽粽粽: 。。。。。。
0,[嘻嘻] 乌鲁鲁可是在红土中心屹立了上亿年，以后也一直会在这里等着大家哦?//@澳大利亚北领地旅游局: 矗立在澳洲中部的大石头，是澳洲精神所在，是最好的体验澳洲原住民文化的地方，错过很遗憾哦！//@Vicky幽幽: 艾尔斯岩阿！！遗憾?[泪]
0,[汗][衰] //@一骚二媚三纯洁的虹虹:看出来了，你们病得不轻，大夜里集体出动，不睡偏碎。调查下，你们介样的，这辈子看完【拖延心理学】的举手// @丑女曰妞 :呀，别光给我啊，部门共勉，这病传染，见者有份 @阿美   @顾小白   @王吱吱   @一骚二媚三纯洁的虹虹   @晓晓-V   @丁小云   @李星X星   @开海
0,炸药包啊[晕]谁能猜到这是什么？五斤！！！
0,我仿佛突然醒悟，也许我有别于常人的第六感并不是什么神奇的特征，也许是我在下意识的观察对方或是周边环境的细微变化，以此推断所面对的事情背后的东西....这也不是什么好习惯....[失望]
0,俊男靓女，举案齐眉，羡慕死了。[泪]
0,"#摄影#中外摄影论坛精彩点评,汗颜哈[泪]"
0,已经12没用手机织围脖了！明天说什么也要打电话问售后，到底能不能行了？我要疯了。。。 [抓狂] [抓狂]
0,回复@?哩:[汗][汗][汗][汗] //@?哩:赶紧添水，然后把黄色的叶子都掰掉。。绿萝的生命力这么顽强你都能给我养死，小心我揍你啊！！[怒骂]
0,BON[可爱]：娘！您知道谁最会拍照吗？BON娘[思考]：谁? BON[求关注]：猪嘛，它们随便摆POSE，都是剪刀手[hold住]！BON娘：[晕]
0,[怒骂] //@深圳维景酒店王东东：//@许慕韩: @薛晓路  我佛虽慈悲，善恶辩是非；不待天地责，除魔祭钟馗！----休要走了那厮！ // @薛晓路 : // @飞语飘香 : [泪] 诸余罪中，杀业最重。太残忍了！你不怕报应么？[红牌]  // @孙武eltonsun ：还有这种人，声讨他！ // @国晶007
0,默哀！ //@主持人张明:先默哀！ //@郑州范强:一场雨77人，创世界记录没？[泪] //@张泉灵: 77人。唉.....
0,#七洲资讯#环境保护部近日发布了7月份京津冀、长三角、珠三角区域及直辖市、省会城市和计划单列市等74个城市空气质量状况。按照城市环境空气综合质量指数评价，7月份空气质量相对较差的前10位城市分别是【唐山、邯郸、石家庄、济南、邢台、天津、保定、兰州、郑州和衡水】[衰]有您所在的城市吗？
0,[抓狂]@文婷123 @小?子记忆 @志远天下行 @87年柿子
0,【交警出警被撞死 女儿：宁要“活狗熊”不要“死英雄”】近日，陕西汉中交警王雷，在执勤时被一女司机驾车从30米高的桥上撞下，伤重而亡。目前肇事女子已被刑拘。王雷家人痛不欲生。上小学的女儿哭着说：“我不要死了的英雄爸爸，要活着的狗熊爸爸……”[泪]视频：http://t.cn/8FNvoJh
0,赞！//@青年志Billy: 其实我都在放歌给自己听.....[泪]
0,"#行摄的灵魂#去巴士站问第二天早上几点钟有车去Karak,数个人帮我打听后说：七点。太早了吧？！再问，答：然后是大约9―10点有车，也可能是11点，车满就开…[抓狂]好吧！我九点到车站等，该行了吧？在约旦，最不值钱的，就是时间；最富裕的，也是时间…#重返战地#中东之旅约旦Aqaba-Karak，死海公路之旅"
0,最右是最牛的表扬[嘻嘻]//@杜子建:嘿，你占我便宜不是！[怒]//@优倍彭永强: 真是好孩子，比他爹强[哈哈]
0,帮转吧，英语不流利[泪] //@王猛:解释一下，只要男生，并非歧视，而是因为这项工作颇辛苦，经常需要熬夜。有志同道合者请发送简历，无论纸媒遭受时代洪流的冲击多严重，我们仍有我们的坚守和快乐。期待新的同事加盟！
0,摄影技巧长于我！[抓狂]
0,嗓子痛[泪]我绝对是容易掉链子的那个。。。。。。
0,我家对面楼两户都养鸽子，[衰]
0,我怎么觉得我闭着眼睛呢。。[泪]
0,乖！明天带你吃好吃的[?你] //@老波头之女小波头:爸爸老是偷拍我[怒]
0,[抓狂][抓狂][抓狂][抓狂][抓狂][抓狂][抓狂][抓狂] 我在:http://t.cn/zQMb727
0,[伤心]//@张小果子: 好心痛好心痛。//@星城解梦师:// @周云蓬 : // @土家野夫 : 哎 // @于建嵘 : 谢谢你的理解，我今天先捐了一千元给他们租房子和买一点馒头吃。// @陈劭雄 : 我们民众也可以想想办法，如捐御寒的东西：被子、棉袄、帐篷等等。告诉我们一个集中的地方，我们大家把东西拿过去。
0,刚被车险的电话骚扰完， 现在开始推销马年生肖币了， 能让我消停消停吗！！！[怒]
0,今天拍辽台的电影第一次拍就做男一号[泪] 我在这里:http://t.cn/z8yx9pD
0,隔壁大婶问您这是西餐厅吧？俺说这是?丝传统川菜，大婶唠叨着走了：“川菜有吊炉么，真能忽悠！”[衰]衣服没穿好真不能出门[泪]@懒人业余餐厅 @虎头鲸新家 [抓狂]
0,2小时过去了[怒][衰]
0,会的…… //@济宁台安舒:要相信我们都会幸福，老了我们和老伴也会如此～[爱心传递] //@济宁交通广播小虎:真感人、真幸福[泪] @金吉利婚礼 @叉烧的宝贝卤蛋 @济宁台安舒 @乐馨
0,今晚的快女评委是清一色的男人帮，一个个看上去恶狠狠的，我喜欢的萨顶顶木有啊木有！[抓狂]
0,演唱会圆满结束~~[唱歌] [围观] [礼花] 站了6个小时，又累又饿又困~~[可怜] [困] [泪]  躲开主办方的庆功宴，回到住处已经是新一天的开始了~~天亮飞贵州，预祝此行顺利吧~~[飞机]
0,不带这么说真话[怒]
0,回复@魔术师周舫-火娃幻手:让我情何以堪啊！[泪] //@魔术师周舫-火娃幻手:[哈哈][哈哈][哈哈][哈哈][哈哈][哈哈]
0,//@Archina连晓静:[怒][怒] //@刘芮东: 人渣！
0,感动地泪奔 //@铁血的听风阁: //@微博搞笑排行榜:好男人不仅仅是传说！[泪]
0,哇！快跑，食人岛！ //@Ken_chen世界:[晕] //@直播上海:这个故事告诉我，来伊份是不能吃的，打一折都不能买！
0,555~[泪]你们就乱入吧~[抓狂]哼，都欺负我~做个好学姐容易嘛我!!![泪流满面]@冠小青年er
0,自我隔离在贝塔[泪]
0,以为是仙人掌，原来是油条[泪]
0,晚上做梦，梦见咱俩@生如夏日花 去外面上课还是干嘛，然后一路上困难重重，遇到各种磨难，简直比唐僧取经还艰苦～有些地方没有路，需要爬树才能过去，你爬树可厉害了[偷笑]但我怎么爬都上不去，着急呀[泪]不过你因为爬树把裤子爬破了，哈哈～
0,噶猖狂啊！[吃惊][吃惊][怒][怒][怒]
0,历史总是惊人的相似[泪]
0,//@不二家的小妞:昨天跑了3趟医院。我麻麻也在说我工作以后身体每况愈下，小时候多么强壮的一孩子啊。// @帆勋古鲁 ：我中的好多啊！[晕] // @朱丽叶之家 : // @江南春 : 转发微博。 糟糕，这都有。
0,回复@德国力魔阿甘:多谢！[哈哈] //@德国力魔阿甘:知道你爱喝拿铁，给你来一杯[咖啡]舒心一下。[偷笑] //@和风煦然:没胃口[衰]
0,我错了，真的错了，尝到教训的滋味了，失去时才知道有多宝贵[泪]求原谅，求原谅[泪]
0,Leave me //@宇宙超级无敌小U:[泪] //@何京胜：[泪]。。。
0,莫转 //@王晓乐在其中:有本事你看了“莫哭”[泪]
0,[偷笑][偷笑][偷笑][嘘][嘘][嘘][阴险][阴险][阴险] //@糖品TangPin:我们成都见 //@烂李子:[抓狂][抓狂][抓狂]我也想吃！！！
0,用信鸽就稳了，一分钟时间后面的动车司机就收到消息，不会追尾了，二十分钟早停好车吃上脆皮乳鸽了//@和你做游戏：微博关了，那就回到古代了，那时候大家都改用信鸽吧．//@有球必应Charlie：有这可能，中国不=中东。过了维稳的极限，你猜会怎样？ //@季大少的blog: 那就真的要官逼民反了[怒骂]
0,有谁能像我一样老犯二[抓狂]
0,起来晚了各种赶 堵死人的北京[抓狂][抓狂][抓狂]
0,机场，准备出发却看到曼谷今天发生反 政 府 示 威[晕][晕]
0,安检时把随身包中十来件都掏出摆放，就差底朝天倒出来了。[抓狂]
0,"回复@蒂岚圣雪:我上个月打车，快到地方了我说提前靠边下，去临近的商店买点东西，结果司机看了看表说那你多给我5元钱，因为到目的地要多几元。[困][困][困] //@蒂岚圣雪:我上周遇到个不找零的,108我给了110,司机居然说两块就不找,当时太晚了,又挺彪悍的司机,只好忍了[衰]"
0,夜，一人在家，突然跳闸，速拨某工手机，通话指导：先检查是哪个闸跳了；正常状态所有闸门朝上；估计是总闸跳下了……话毕，K依据操作，检查。。。果然总闸跳了，推上，弹下，再向上推，又弹了下来，K怒遂发现总闸右侧一小方钮，果断按下……杯具滴总闸再也没有起来，旁边一行小字【合闸前请按下】[泪]
0,带去拍花絮的两部相机，自动对焦貌似都不给力了。。。现场的童鞋，手稳着点，再稳着点~~~[悲伤]~~~//@100TMICE: 转发微博
0,回复@麻瓜小豆:带口罩喝水好麻烦！@Annaguo2010 @悦八 @cherry活玲活现 你们好幸福！…… //@麻瓜小豆:[泪]多喝水据说可以排毒~
0,有多少人在喝湘江水呀？//@湘潭湖湘艺苑: /都市新闻报道了.矛戈上电视说了话.3天后结果出来@卟浍游泳的渔: 支持曝光//@湘潭矛戈: 牛奶河，下游一公里就是湘潭，下游八公里就是湘潭县自来水厂取水口[衰]@湘潭星好男人 @湘潭陶奕 @湘潭湖湘艺苑 @薛蛮子 @陶海军记者
0,狮子山上的问云山?做好了，挺漂亮的，开春之后找个时间来看看吧~ //@但斌: //@花间堂lucy:[悲伤] 我站在村口，手捧仅剩的一块压缩饼干，等着你们~都立春了，还不来接我~ //@何少波:怎么看着象@花间堂lucy  ，你觉得呢？
0,尊重球迷，以球迷之上。才是底蕴。 //@我是真梁言:恒大的球迷你们是要让我们羡慕死吗？？[抓狂]
0,夏天外拍就是晒太阳喂蚊子[泪]
0,天啊！！！乌龟怎么只剩一只了！昨天还是好好的两只，另外的那只哪里去了呢？皮卡经常跳到桌子上喝乌龟缸里的水。。。猫咪有可能吃掉乌龟吗？？？谁有经验，求助求助！！！[抓狂]
0,上3层，下一层啊，亲，真心不容易啊，比起来，我真懒啊[抓狂]
0,今天公司的无线网让我崩溃，非得逼我用热点吗？[抓狂][抓狂]
0,[泪]末法时代，大德怎忍心离去，顶礼直美信雄大士 @益西琼波--达瓦 @央坚拉姆雯彬 @bodhicita-Xu
0,回复@nini豆儿:看我这两天各种微博，还有怪味面，拉条子啥的呢 //@nini豆儿:让苦逼上班的还不在家乡的人情何以堪呐！馋得抓狂中[抓狂][抓狂][抓狂]
0,我去太牛了，我想吃那甜品呀[抓狂][抓狂][抓狂]
0,//@星座小王子:[哼] //@?向明:看来我上辈子坏事做尽！[晕]
0,矮油[衰][懒得理你]，突然发现真的我们都是二货哈哈。
0,90后也长大了 //@大婶嘿嘿大婶:干！还没结束？还有人？居然还有小姑娘，杀千刀的！！！！[怒]
0,顶碗舞，演员们都挺辛苦//@苏小笼: 啊哈哈～昨天看“新娘”领顶碗舞的时候我真想冲下去，到前面站着看啊[抓狂]
0,谁能告诉我朝阳路官庄路口怎么了，半个小时，几乎是原地不动，出什么事了[怒]
0,[泪][蜡烛]同行，走好
0,不让吃辣，不等于让我绝食么[泪] //@Summer一米阳光: @李苑蜜 @岳润 @紫极舞Jing @-JuneJune @赵_美好 @Hi__小花 @安福娜宝宝 @who洋洋 @DJ-奥特曼 @cara芳 @Cindy心迪 你们都看看
0,【生活?语】1.导致婚姻破裂的最新三大罪魁祸首：手机不设密码、保存聊天记录、参加老同学聚会;2.前任为了小三跟我分手，我为了报复，勾引了小三她爸。现在，他两都叫我妈……哼，看谁比谁狠;3.我们学校就一个系，一个系就一个班、一个班就一个学生，那个学生是我，那学校就叫家里蹲[抓狂]@晓女子点点
0,观战希尔顿公关和媒体飙诗啊?//@阿拉蕾27:年货如山情如潮 太湖这畔手相招 村西买糕寄思念 费总无畏物丰饶 @疯牛头上的向日葵 @Sunny小灵仙 出30盒年糕礼盒 请费总签个单把@合肥交通广播费叔叔: 回复@阿拉蕾27:君住太湖头，我在村西头，日日思君不见君，同住地球村。好文章，见丑见丑[晕][做鬼脸]
0,女人们管住自己的嘴巴比什么都重要[偷笑]转给婴儿肥的女孩们[抓狂]@哈皮姐姐 @李慧美Mable @senddy薇 @?小斌同? @Amy符迷 @沈婵娟 @黄晨霞_霞霞 @蔡施施sisi @牟六英 @黄玉玲小甜甜
0,这个点出来居然静悄悄的，这是集体迟到的节奏还是就我们不在点上？昨天半夜可可大哭，我冲过去跟她一起睡，没带手机在身边，一早醒来见天还是暗的就继续睡，谁知道七点半起床天色也还是暗呢。[泪]
0,昨晚没和老许一起#虾扯蛋#，好遗憾！[泪][泪][泪]
0,以为平坦的脚下，可能就是，坑???[吃惊] //@猫扑: 这坑。。。[衰]
0,这太强了，该怎么个形容下//@杨静Jackie: 顿时裤衩秋裤的都弱爆了！//@罗纳尔少1307x: //@无痕_Eros: 这张最经典//@余建煊: [给力] //@唱片三://@Lemon刘萌P: @yousama2011: 笑喷了。。。//@Onebowl: [哈哈]//@云边买酒: [晕]//@steedking:虽然不知道真假但还是笑成傻逼了23333//@超级潜水艇阿查号
0,[衰]//@青岛故事广播: 素质！！！！
0,?演：可以?著??拍??？好泠[抓狂][抓狂][委屈][雪]
0,双鱼多多～等了好久，没一个人给生日礼物[泪][泪][泪] //@刘炫SixerMiron:生快！最近好多过生日的啊
0,你天天在色诱我，[抓狂] [花心]
0,柳絮，杨絮等群魔乱舞，这时候洒水车死那去了[衰]
0,10年之中好像去过一次//@GloRy_of_LudviKa: 没去过[衰]
0,今晚的大润发是有多疯狂啊，广播不停播出：某某某，您的家人在出口处等您。[晕]
0,[哈哈][哈哈][哈哈]表示摊开手坐等。。。//@胖妞芦岩同学:@sme11ycat [吃惊]//@面包滴: @须叔_Danys [生病][生病][生病] 这太重口味了！！//@笑多了会怀孕: 把艾特列表第一个睡了 ，你什么感慨？[抓狂]
0,#早安西江#又到了起床靠毅力的时候啦，起床困难户开始发作，每天早上简直就是用绳命在跟睡虫战斗哇，上班路上都是生死时速有木有啊！！！[泪]
0,就是想造成影响，其实有P用？看着吧，今天是昆明，明天肯定还有，还可能是别的方式，别的地点，倒霉的还是老百姓。。。//@LonelyPlanet:为什么？！！！！[怒][蜡烛][蜡烛][蜡烛] //@磨房:为什么要把枪口对准普通人
0,震惊！著名配音家李易突然去世了！！才50岁！急性白血病！太可惜了！他的声音太好听了！干净极了！一路走好！[泪][蜡烛][蜡烛][蜡烛][蜡烛][蜡烛]
0,飞机那！？[抓狂]
0,刚看完<生活2013>，某位营养师讲解如何挑熟食，看完大跌眼镜。牛肉挑丝粗长的(其实明显那块牛肉没炖烂)肠类挑没淀粉的(肉多不是唯一标准，淀粉起到粘合作用，肉多的为碎肉加筋头巴脑最多和亚硝酸钠组合)某些淀粉多的肠类倒是肉筋较少，但是淀粉不宜过多。炖肉后放盐不是为少吃盐，而是怕肉质变老。[晕]
0,可悲的国人//@崔向红:[怒]
0,你是想表达说：天蝎座的人群基数大，所以才会有这样的结果，哥！你太内涵了[晕]//@葱葱葱星人: 那个年代的春节主要娱乐节目：楼上楼下，电灯电话；吃饱没事，就来一发//@芝小仙: @咆哮de狮子 [偷笑]//@齐小七: 金牛飘过。
0,你说吧，我等看着呢！[悲伤][懒得理你]
0,算完啦，算完了，目前状态有点晕[衰] 喝口可乐，迅速恢复[奥特曼]
0,畜生不如[怒] //@洪波维奇: 回复@李重民:对这样的幼儿园领导和当事人必须追求刑事责任！哪里幼儿园？ //@洪波维奇:装上监控． //@吕文举: //@不加V:上国际幼儿园好些吧
0,#神奇の地球人#大家都知道阿三是个神奇的种族，但是有多神奇呢？请看下图，印度超雷人乡村奥运会，其中不乏拖拉机碾身而过的重口味场面[衰][衰][衰]
0,[泪][泪][泪] //@墨绿色的玉:[泪]my God
0,用宽容做剪刀剪掉矛盾纠结，用开朗做扫把扫除烦恼惆怅，用真诚做洗液净化感情交流[爱你]刚才清理短信看到10086给我发的，挺2的，还蛮适合现在的心情的，送给所有还在加班的同志们！[抓狂]
0,[衰] //@叶匡政: 转发微博。
0,250个紫色的纸袋终于从海口抵达到我的办公室了，再次挑战了极限呀！人的潜力果然无限！[泪][泪][泪]
0,[中箭]//@善良的大PP2011: 我去，太邪恶了[抓狂]
0,都躺了四个小时了 脚丫子还是冰凉 还是清醒的不行 我到底是啥变的啊[怒][抓狂][哼][抓狂][怒][泪][晕]
0,[泪] 这么快走了。都没看到你
0,#高级定制# V家5花手链...绿松石也有春天哦！哈哈哈...18k白金+绿松石！！！多么经典的颜色搭配啊！！[花心][抓狂][爱你]超级适合夏天的颜色...如在搭配一条18k白金+白贝母的话那真的太绝了...[鼓掌][鼓掌][鼓掌]喜欢的赶快哦...现货现货...???...
0,那些在香格里拉吃吃喝喝的人，看到这张图你们不觉有愧吗？//@Ronee_Chan：要尊敬的?理 //@Diana018:[泪]很感动！ 面对这样一位慈祥的老人，也许他改变不了很多事。但是他能到现场。。。这些已足够！ // @_泡沫_ :心疼。。 // @治愈系心理学 :可敬可佩的总理，您的出现，我们就踏实了。
0,实在是太困了，哎哟[泪][泪][泪][汗]
0,@孔二狗 黑道风云的网络剧简直惨不忍睹[泪]，这种描绘各色英雄、草根的热血神作，@康洪雷导演 已经拍过两部了~
0,下辈子了[晕] //@李映昀ls:转发微博
0,为毛最近老是看到特价机票[泪]
0,看来我应该每天出门前把手放在车胎底下压几下，哪儿都需要按[悲伤] //@天v少爷:@Zaria囿颗芯 这个可以试试 哈哈
0,[泪] //@袁腾飞:[泪]
0,@小田切Paris 快来看[泪]
0,[泪][泪][泪]不小心把@鼓浪屿捞海坞餐吧  的注册登录给删了，又没有记录，这下惨了，该怎么办呀？！[抓狂][悲伤][伤心]...再没有寻回之前，请大家一如既往地支持一下，否则我也不敢见郭妈妈了！[汗][汗][汗]
0,在感动的同时我特别想知道，那十七年间被他资助过的贫寒学生们，你们有谁回报过老人?不会你们最终都?丝了吧?[怒]
0,下午请假回家了，家顿时零乱[怒]
0,其实我好困……但是为了陪奶奶看牙~我努力起床[泪]
0,mic都挂好了，还没来得及反应，这雨连招呼都不打就下了起来[哼][哼][下雨][下雨]好吧，我们撤 [泪][泪][委屈][委屈]
0,[泪][泪][泪]//@肖锋:中国，最丑的风景也是人//@茗茶坊美妇:[吃惊]@michael-7716  //@佰合慧通-兴顺源茶坊:[晕] //@郭建欢:转发微博
0,高速上偶遇拉风的狗狗[给力][兔子]主人好有爱啊，一定是怕狗狗晕车[爱你][晕]
0,[泪][泪][泪] //@Adioshka:[心]
0,大叔控的人全面沦陷…[泪]
0,各位亲，除了gmail外，你们都用啥私人邮箱啊。打算申请个境内邮箱同步用了，不然等白了头发也打不开啊[抓狂][抓狂]
0,看完@林宥嘉YogaLin 的神游我又兴奋得神游了！[奥特曼]家鸽?今晚的上海依然是你的骄傲！不是我们喊不大声，而是音响实在太抢戏了啦[泪]你的现场永远无可挑剔的完美啊！今夜实在太美妙了！「翻出2年前的珍藏继续花痴ING，我看我光靠回忆活就够了」
0,豆腐渣 //@美国关岛旅行网://@昃小麦: [可怜][衰][衰]当年通车时老公还拍的照片
0,今天是头七，就北京祝福你？？？[泪][泪][泪] //@Li小宝:眼花  //@新浪娱乐:【《北京祝福你》9分官方正式完整版MV首发】[话筒]好多明星，眼都花了[给劲]
0,密切关注 //@朱坤岭:[怒] //@雾满拦江:这可不好，诋毁网友，死亡威胁。并扬言已经杀过人，如果此事没有个结果，我们知道微博会成为什么样子的。 //@孙海峰: 这种血腥赤裸的威胁不应允许存在！@湖南公安 @平安北京[话筒]
0,//@岳云鹏: 请大家帮帮忙，必有重谢！ //@曹随风://@曹随风:就在郑州，我是相声演员曹随风，我是河南人，都是老乡，在（不是闹着玩的）演大头，朋友们谁认识出租车公司请帮我联系一下！谢谢大家！我都快急死了[泪][悲伤]@郑州电视台钟洁 @郑州新闻广播艳楠
0,"难道对方是狮子座 ？有一种吸引力是致命的，哎！一路走好，姑娘@西子彦 //@暮雨街: 原来也是双鱼座,所以我能懂[伤心]//@卢迪主持人:哎，双鱼太幻灭了，遗憾//@洪小玫玫:[蜡烛][蜡烛] //@用左手跳舞用右手走路:姑娘走好[蜡烛][蜡烛][蜡烛]愿天堂里找到幸福！下辈子别那么决绝轻易放弃生命！"
0,求官员解读 //@i创业者:汉朝是小政府、大社会啊。 //@数字化生命-刘红星: 突然想起了：山外青山楼外楼。。。 //@上海-Q公:别被吓到哦[衰] //@费城之火: 诠释崛起之内涵 //@北京阿蒙: @费城之火 @龙行得水 @香色儿N @九霄金龙
0,[失望][威武][神马][浮云]
0,精英们的中国梦 [失望]//@孙文V:这些人基本都是国之精英[泪]//@谭育君77:无
0,好友来电：你在家干嘛？回：无聊刷微博。好友不屑：大好时光，阳光明媚（物以类聚这个也好阳光明媚）最美不过夕阳红。别蹲在家里虚度晚年。出来吧，跟我们一起钓鱼去。。。。我：好啊。行啊。。哎？等等。。晚年？夕阳红？电话那端早挂断。[泪]生活充满蹂躏。内伤。交友不慎。一个比一个刻薄。。
0,我最最最幸福的一晚，咕噜咕噜咕噜噜...希望闭眼能艳遇美食[委屈]咖喱蟹、龟苓膏、生蚝、麻辣烫、水煮鱼、必胜客、???[话筒]啊！我要奔溃了...一阵眩晕！[泪]
0,一个偶遇引起的血案[晕]//@Benny陈剑菁: 这个凶~这个凶
0,还能吃鸡吗？[晕][晕]
0,一天的会议持续中。。。[打哈气][打哈气]广州的各种吃喝玩乐，与你无缘阿[泪][泪][泪]
0,隔壁装修，听说要2个月，今天才第二天就受不了了，怎么过呀[泪]
0,[泪] //@罗兵:沿海赛洛城。 //@徐德亮: 我靠，漏雨见过，掉这么厚的墙皮头一次看见。//@写字李华良: //@潘宇凌:住沿海赛洛城的同学看看。//@新浪房产: 网友微博爆北京大雨致房顶掉渣，直指北京某项目豆腐渣。
0,感觉罗斯和莫妮卡从十多岁到四十多就没变样，小时候显老老了显小[偷笑] //@冷笑话精选:偶买噶，他们年轻的时候好嫩啊！！！[晕]
0,高中的小情侣们，距离失恋还有33天~~[衰]
0,好幸福[泪]  //@微博搞笑排行榜:好感人，祝福他们！[心]
0,自己发片逗自己玩哦！[偷笑]//@方大少HOW: 前几天有朋友一本正经问我唱歌水平如何我还以为她也要帮我发片呢[泪] //@张帆DORA:回复@方大少HOW:[最右]签了你就知道了！ //@方大少HOW:回复@张帆DORA:第一步是打算先发片还是先拍部戏呢[嘻嘻]
0,天！太可怕！[泪] //@马钺: 人已经死了超过24小时，还没人出来承担责任。
0,[衰]都是泪啊。就像你说的，全当赏他们丫祟钱吧。。。
0,//@o艾米0:[衰]//@治愈系心理学:果然犀利！喜欢这文字，写的很好[赞]
0,早上本准备带叮小当去超市购物，出门前这小子看到刚买回来自行车非要下楼骑车，好吧，我改变计划把将近20斤的自行车给他扛下楼。结果小人家骑了几分钟就不愿意玩了，又要求我开车带他出门。心里那个恼火啊，嫌我胳臂不够粗加强负重练习呢，本想今天不购物就吃素多陪你玩会儿，这下可好两头都没捞着[怒]
0,【好干部标准】天涯微博@小学子弟 吃一辈子没买过单；喝一辈子没伤过肝；嫖一辈子没翻过船；赌一辈子没输过钱；骗一辈子没被拆穿； 恶一辈子没人喊冤；贪一辈子没人举报； 闲一辈子照样升官。[抓狂]@哼哼哼@嘛哩嘛哩轰nice-cri@yy稍息@--细k@朱丹赤彤@方千金
0,我会尽力把你吃穷的[哈哈] //@淡定马克兔:[馋嘴] //@赵丰贝贝: 荣获榜首！@上海宁才是模子 也不错，屈居第二！转发激励下自己，不为荣华富贵，只为将来孩子能不用苦苦和sbyp争夺高考名额[泪][泪][泪]
0,中枪家庭全是泪[泪]//@林成庄上:学生能累死//@春城晚报:高考改革或将不分文理科，你点赞吗？
0,刚看浙江台重播，还是感动，唱得真好[泪] //@Lily-逸:http://t.cn/zWQBBD4
0,[衰]除了最后一张，几大主持都被黑了一遍~小编你是要闹哪样？
0,还有我，小妹。[泪][心]
0,[泪]//@刘芯菲Eva: 都是无语转发....//@单翼的Devil: @于楠910 @另类中的另类 @刘芯菲Eva //@黄河heaven://@大宝律师://@刘胜军改革://@宋忠明:@晟睿辰@王利芬 @薛蛮子 @刘胜军改革
0,[怒]一年比一年难背，庆幸早毕业！
0,谢谢老班长[泪] //@张欣丨Kenn:谢谢老班长[泪]//@Bobin酱油马:谢谢老班长[泪] //@我爱红豆鲷鱼烧: [泪]
0,烫死我了……[泪]
0,已经很久没有这么晚下班过了?? 困屎了?? [泪]
0,大半夜的本来就饿了，一直忍着。。。看个电视剧吧，里边全是吃饭的情节。。。。忍不了了[怒][怒][怒] 我在:http://t.cn/z8JqMOC
0,[蜡烛] //@加措活佛-慈爱基金：感恩伟大的天下父母//@格桑小巫：看哭了[泪] 宣传部领导下的电视媒体真的完败了！
0,妈，你进来为什么不敲门[怒]
0,没有医德的医生，怎么越来越多[怒]
0,跟一帮喊我叔叔的孩子打了三小时篮球，只见人影在空中飘移，自己却怎么也飞不起来，那段把身体甩向空中再找篮框的日子，已经一去不复返了。。。[泪]
0,[思考]是吗？//@冬雪春泉:你就是当代的活雷锋啊！！！[泪]//@宋兴男:无
0,我在地铁里听到一句“财政收入增长放缓和政府支出的不平衡……”//@百度地图乐享生活: 这。。。再加新出的上20%的税，?丝们买房不知何时啊[泪]
0,学习//@非常友普茶楼高剑飞: 吐个槽吧：我仔细看过近百家号称卖“老一厂紫砂壶”的淘宝店铺，除了我们茶楼店外，还有一家是全部保真的，另有5-6家是有真有假，其余的就基本不靠谱了。。现在是李鬼打李逵[泪]
0,享受了人为的长假就不得不忍受连续工作8天的痛苦，灵魂正在星期六，身体却悲催地开始了星期一啊，而且要连着3个星期一[泪] 还好新的一年开始了，我们悲催的上班族又有假期啦，安排好时间让各种旅行都来吧[嘻嘻]
0,你牛逼 [衰]老子发不是为了转发。。。。。//@布衣布舍520: 可以建议他 //@雷聪_悦游旅游网:才68个转发，大部分自己人，还是爆妹子照片红的快，途牛就是妹子多嘛//@布衣布舍520: 没事天天整事好玩吗？能红吗
0,空气特供！[抓狂]//@包子同学:哇 //@浮云:NB啊！ //@武大沈阳://@破相机加烂笔头:
0,这是摆明了不让人活啦[抓狂]
0,可惜不是你，陪我到最后…[泪][泪][泪]
0,#感悟#夏天发烧有一大好处，自己的体温与外界环境温度接近，不觉得热，不出汗，如果烧的高一点还会有点儿冷。[哈哈][哈哈][哈哈]烧死我吧[泪]
0,最新消息，还有一个名额啦[神马] //@CBC咖啡培训学院:昨天晚上没搞清楚重发啊[泪][汗]: SCAE [欧洲精品咖啡协会]咖啡豆的烘焙-预备课程and 金杯课程[晕]   //@CBC咖啡培训学院:回复@木头牡丹:北京798艺术区的751动力广场的独栋小楼里   //@木头牡丹:在哪里？
0,你的狗狗啊，转！ //@徐小Yuki: 团团回家吧，给你做最喜欢的饺子吃，快回家啊！ //@胜道博岳国际卡丁车馆_虫子:希望有好心人能看到饭团…联系电话18610095430 必定重谢… [泪][泪]
0,要走了，同事明天要给我践行，让我好感动!我舍不得你们，也不想骗你们，但是为了生活和工作没有办法？[泪]
0,明天要早点爬起来去公司，不然我迟早有一天会被方向盘烫伤//@窝窝头的围脖: 偶的神啊！[晕][抓狂][泪][泪][泪][泪]
0,【中国睡眠状况职业排名：教师最好，媒体人最差[泪]】16日发布的中国睡眠指数报告显示，我国居民睡眠状况整体呈现向好发展趋势，但三成多居民睡眠质量不及格。教师位列各职业睡眠指数得分第一名，公务员紧跟其后，其中媒体从业人员以56.5分列十二类职业的末尾。又躺枪了！http://t.cn/8syiVhn
0,都买了两张vvip卡了 [失望]虽然没觉得便宜 但环境真叫不错 咖啡还一次没喝过[汗] 明天一起喔@聪聪too @Lambo_大人 @夏日清爽茶
0,很带感的样子！先马后看！ //@电影集结号:差不多是右边这个意思→_→//@萌爷站起来撸: [晕]听说是，杀手快跑！女主角来啦。
0,“解放军”跟“人民”矛盾了，听谁的好呢？？？？？？？？？？？？？？？//@金一宁: 这可咋办呢，真让人捉急啊 //@大连国企混: [晕]//@砖家意见: 转发微博
0,最惨痛的一天[伤心][伤心][伤心]累到脱层皮
0,好心酸 //@崔馨友:人艰不拆 //@鹿玖: 偏个题讲一下我的某个小伙伴，读博研究的方向是长臂猿种群，每天扮成长臂猿伺机打入野生长臂猿种群内部，现在已经两年了，还是每天被野生长臂猿拆穿后一顿胖揍…[衰]
0,涛 看来今天曼联要挂了//@Rito子涛: [失望][失望]睡觉吧…
0,真滴吗？ //@陈业文新大都:[抓狂]//@梁幕天: 难是多了，但邦没兴//@龙金科的碎话台://@马九器://@余少镭: 转发微博
0,春节又要来了[嘻嘻]，那年代吃不饱饭只有躲在最后面[偷笑]，但是要感谢万老师?我们了素描和色彩[泪]
0,被尼玛携程包了，推荐的全是尼玛携程的广告[泪]//@郭月晨: 旅游市场全面开花，期待结果//@怪怪男tc: 求脱光[泪]//@阿里狼没有羊: //@张德欣: 他全面PK腾讯呢。//@嘉睿W: 老周要德智体美劳全面发展[挖鼻屎]你们怎么看@郭月晨 @张德欣 @娃哈哈_大老王 @9月森林 @旅游人李如勤 @爱游观察
0,[泪]//@jazz: 路子还是很宽的！//@王利芬: [衰] //@互联网信徒王冠雄：请各路记者对号入座。 //@陈书博Robert:做老大，苦心积虑牢底坐穿；做二奶，两袖清风颐养天年；做小三，不愁吃穿却难入流；做老鸨，竞争激烈难成大业；从良，前途未知柳暗花明！
0,@辛格灵造型师steven 这就是区别，第三张之后到现在木有动过，这这这[抓狂][抓狂][抓狂][抓狂]
0,?就是俊男的哀歌[泪]
0,看来能成为老马第二啊//@蓝色悟空: 好久不见[泪]
0,回复@嘎兰:是啊，戴口罩会好一点！ //@嘎兰:[衰]我还是带口罩吧，太可怕了
0,又是一个爆表的早晨，大家心情还好啊？[生病]天…脏的跟一个冬天都没有换洗的内裤…不得不出门工作、学习的诸位，请戴好防护口罩啊[抓狂]…这早锻炼…还是免了吧……
0,【神女应无恙！】@高军：北京，公益东桥出口处！肿么了？[抓狂]@李新玲2011@林洁rr@臆想结
0,每天下班我都是部门里第一个走，连刚毕业比我晚一天进来的小妹也在加班，而且我有时候是快6点了才走呀，是我太不上道了吗。。[泪]
0,还推荐大家踊跃报名呢。。。课程是不错，再一看价格，立马腿一软栽了个大跟头[衰]//@却下层楼628: 都有门派了？要学习@徐芳-Rosie @枯禅止沸-----徐伟群 @高赵鹏飞 //@互联网的那点事: 微博营销是门高深的武学！
0,电视剧到底是谁发明的？？？一追看就停不了就什么都不想干就废寝忘食就面黄肌瘦就走到哪儿都抱个ipad！！！还拍那么多集，太残酷了！！！#捧着ipad到处找网的空少生涯# [泪]
0,这世界太疯狂了 //@把你写在歌里面: 如果一切都是真的，目前可以提醒的是，请大家学习粤语 //@孙孟晋:中国电影生态环境堪忧，也是小鱼和大鱼竞争的必然结果。//@赵波: [衰]//
0,"可怜的大黄鸭爆了[蜡烛]//@台湾自由行: 因为修复的费用太高，桃园这只黄小鸭基本就是不""再见""[伤心] 了，所以，你们这些幼稚的人类，就继续发挥创意来哀悼吧[蜡烛] ！（高雄的那只黄鸭姐姐，预定最快星期日就来代班，不过，如果风太大，水鸭会上岸当旱鸭）"
0,[呵呵]//@葡萄葡: [偷笑]//@法语法国: 难怪法国人夸人法语好都要说一句“态变”呢 [泪]
0,goodbye！[汗][汗][泪][泪]
0,输液室的味道，闻着想吐[泪] 没想到这么晚急诊人满为患。。。[衰]
0,[晕] //@创意工坊:你有胆量品尝吗？ 太重了！
0,码代码码的吗[衰]
0,小长假来袭，打算去周边游的童鞋注意啦，一定要提前订票！馆君昨天晚上订票就已经买不到八点半之前回天津的啦！据说明天早上十一点之前的也都木有了[泪]
0,多谢大家支持！ //@金榜传媒会员俱乐部:有庄臣美食家指点，当然要品尝…[赞] //@瀛猪唛berrylee:美食当前，减肥控情何以堪呀![泪][泪][泪] //@ellazeng: //@好食男女 @食玩买 @广州美食情报 @酷爱美食 @庄臣微博
0,//@赵涌ZHAO: [泪] //@时尚时事品牌-张辛可:哎呀[可?]//@黑龙江夏日香气: [蜡烛]//@海口老徐: 主人太不负责[怒] //@长三只手挠三只狗抵制玉林狗肉节:主人是二百五吗//@猫奴黄斐:我擦！这都有！？//@明希舍: 千万注意！不要再牺牲生命了！[蜡烛][蜡烛][蜡烛]
0,确实是下班啦[嘻嘻] //@小敏齐萌萌:你们也真会找吃的地方！[哈哈] //@闹腾的小闹腾:我说呢，20号那天晚上俺们电话里商量了好半天，都一直告诉俺们不营业厨师下班了??都快馋哭了??原来是这位在那啊??太不够意思啦你！[抓狂]
0,豆豆昨天终于成为一个真正的男人了！！[太阳] 可惜对方是个杂交的小白狗，他们两生出来的还不知道成啥样子了呢~ [泪] 红贵宾+哈巴狗=？[疑问]
0,//@汉庭南昌红谷滩店刘丽娟: //@单身男女-: 终于找到一个如此精彩的心语类微 博了[抓狂]
0,乐劈了~//@付伯舜: //@我们爱讲冷笑话:回复 @PIN_ER :传说中的信冷淡~~~ // @PIN_ER :转发此微博:[哈哈][哈哈][哈哈]我上次回了这样的短信。那个人不理我。太冷淡了[泪][泪]
0,[怒]//@头条新闻: 转发微博
0,晕……[晕][晕][晕]
0,2010那个gmail邮箱被死心眼的google封了[抓狂]。有邮件发旧邮箱吧。自拍肩膀：节哀[泪][泪][泪]
0,污染指数多少今个儿[衰]
0,这里的老板地狡猾地大大地[抓狂]
0,必须转发[转发]//@BraveAurora: [晕]怎么被发出来啦。。同学们低调低调[害羞][汗] //@昆哥Q:矮马，想怎样啊！[嘻嘻] //@享受平淡生活的人: 埃油~~~大秀美腿哦！！@芝麻汤圆红红 @说梦话的女巫 @昆哥Q //@Emma王小熊的妈: @BraveAurora 眼熟不眼熟~~~哈哈哈哈哈
0,挤挤更暖和！[泪]@DJ解飞
0,无奈的平静。。//@冉广：马上不活了[泪]//@朱小春儿:四十而不惑，平静中有那么多无奈，中国人// @小闪88 ：转发微博。
0,其实，我一直不明白，一直充气鸭子有什么好看的？为什么媒体以及各地人士都争相报道或者前去参观呢？[晕][晕][晕]
0,坑爹的，终于回到家了！早上八点半，到晚上六点半，五百多公里开了十个小时！[泪]
0,呃//@糖豆网Yuri:第一眼就看差了[衰]
0,今天快巴就?乘客，其中一?是俺[晕][晕]跟我?一天游一?，?始的日子是??的
0,啥命！！！就休息一个晚上！！该死的破学校！！！放那么晚的假干嘛！！！[泪][泪][泪]
0,iPhone 5终于不用「抽?」了[晕]，最多能订十部，有香港朋友请他们帮忙吧！[嘻嘻]近期购买的朋友要留意价格波动呀。[思考]
0,[泪]错过了……
0,今天是巨2的日子[泪]努力让自己不犯2
0,#Pink日记#本学期的专业课期末作业，漫画场景构图：树叶，花，铅笔，屋顶，云朵，本来想把漫画架构到古代的，可是老师你为毛加个铅笔上去？！[抓狂}多煞风景...重写剧本...[泪]@曹小巨
0,最近用了???Atomy蜂?牙膏！超好用，有200g又大?，蜂?可以保?牙?，牙?不敏感，洗完真的好舒服！[怒骂]原价60￥，??价才￥38元，有?有人要不要一起?！这样便宜好多呀！[偷笑]
0,恒大被拜仁压着打，虽然知道这结果，但看着还是让人虐心！[抓狂][抓狂][抓狂]
0,有道理 //@margurida_Hsu不耍流氓:[衰][吃惊][吃惊] //@Maxleung:震惊鸟！居然讲得通！ //@bochone:震惊鸟
0,[抓狂] 昨天刚回京，今天又接到电话过两天出差，太狠啦~~~偶的觉木补够呢！！！[抓狂] [抓狂] [泪] [泪]
0,"回复@Monika是各种控:兔儿,昨晚我做梦居然梦到你了,还有格格,[衰]我们是有多久没见啦? //@Monika是各种控:???师傅亲[偷笑][偷笑][偷笑]"
0,今天我家宝贝光荣鲜血了[泪][泪][泪]。。。。是什么样的蚊子能咬成这样！？[怒][怒]这世界上我最恨的东西就是蚊子！[抓狂][抓狂][抓狂]
0,"[睡?] //@侯佩岑:我??姊啊～～您太??了！！[偷笑] //@KwanChiu:我也只能?～?狗仔偷拍也就算了最???的是～～一定要拍的人家降?看?？（?然只是背景)[怒] //@黄韵玲KAY:哇,,,你?,,李?美你真以???只有我????居阿,[抓狂] ,只能??好那天我?睡著,, //@KwanChiu:?.........."
0,积压了这么多的枕边书，没一本看完了的，现在我读书的最佳地点尽然是公交车[晕]
0,今天注定应该有个不眠夜 MMP[怒]
0,希望隧道今天一直堵车，直到咪咪安全走出隧道[泪][泪][泪]
0,今天破了纪录了，从中午11点45到晚上9点28，泡在一家咖啡厅10个小时，午饭晚饭都在这解决，见了5批人，成功挖了1个半，还做了一次深入的团队沟通。一下午说了一个月的话[衰]
0,[泪]//@高会民:[泪]//@第一微闻: [泪]//@神笔记: [泪]//@澜澜雨露: [泪]//@慎思者V: [泪]//@时评女: [泪]//@神右王: [泪]//@良子直播: [泪]//@转段子: 活活不起，死死不起[泪] //@观点联播V:如此暴利，让我等贫穷老百姓怎么活呢！[泪]
0,[可怜]哎，何必呀何必！何苦啊何苦！ //@saskya岚:你妹的，我的人生不能如此喜剧吧？！[泪] 就在我暗下决心「如果我自己能搞定这辈子就不要男朋友了」之后，真的就赤手空拳自己搞定了[泪]好吧，愿赌服输。命。 //@saskya岚:你妹的，再孤独求败也有我搞不定的东西...谁来帮我修马桶[泪][抓狂]
0,希望真的有轮回。看哭了[泪][蜡烛][蜡烛][蜡烛] //@博联社马晓霖:【烛照若晴】烛照若晴，凉夜温心。。[蜡烛][蜡烛][蜡烛]
0,酒驾的危害，这回是潜水艇。//@上海译文丁丽洁:[泪]
0,还真有犯人可以游过来[抓狂]大鲨鱼好多
0,一天驱车1200KM，下车之后天旋地转[晕][泪]
0,#曾经#我爸也是，现在继续是[晕]
0,[泪]看得我心里，这叫一个纠结啊……//@全球经典音乐: 好厉害！！
0,[馋嘴]没口福 我要吃 [馋嘴][馋嘴][馋嘴][抓狂][浮云]//@吃货sunqinqin:@中山阿苏 我要吃 糯米糍！实在好吃，口水啊～～～[馋嘴]
0,基本没中过的我再试一次[泪]//@黎万强:祝大家新年快乐！小米手机的首支15秒广告《嘿嘿》，将在今晚8点央视春晚开始前3分钟播出，看广告就可参加抽奖 #看广告 得100台小米#，欢迎转发参与！
0,[泪]陶指导已获国际足坛高度认可
0,#十全十美蜜月季#表示还没吃过闽南的喜宴，求抱大腿前往！[泪]
0,本命年的第一天就把马桶给弄堵了，[泪]添堵啊！ 我在:http://t.cn/zjju1EI
0,回复@李轶--t:这张相片太容易让人误会了，我就吃了一盒。 //@李轶--t:这都是您吃的? //@张超zhangchao:我的吃相太“抽象”了[晕]
0,[衰][衰][衰]像给剥了皮的蛇
0,我该设计点什么台词呢？[吃惊] //@我们爱讲冷笑话: 全部看完了~实在是太可怕了！！！[抓狂]果断分享！
0,周末在家被老婆要求给她拍照。[泪]
0,一公里不到，县医院那个天桥下右拐200米就到了！//@谢礼恒: 我靠。这个太霸道了！离224有好远？ //@古倒吃158:这个点我真心要找吃的[泪] //@敏一嘴:下次记到去吃哦@霜晨月xjm @九吃 @兰妹围脖 @赤脚在天涯 @古倒吃158 @小李老师健康煮艺 @美食小魔女
0,今天真冷啊，难道又要穿棉袄了[晕]？今年的春天真的是百变莫测啊[抓狂]
0,最近几天就没停止过！！！[伤心]
0,//@毒药女流氓:[怒] 很惨!
0,呢??@杰?Kelena ？！[抓狂] ?搞乜鬼？？！！想知？入去GOtrip睇睇： http://t.cn/a1AefV
